동백꽃공방,서울특별시 종로구 동숭동 129-164 지하 1층,37.579876,127.005033,1
비트포비아 대학로점,서울특별시 종로구 동숭동 1-113 5층,37.581566,127.002791,1
반지대학 강남캠퍼스,서울특별시 강남구 역삼동 817-6 연성흠근생 4층 1호,37.500358,127.02745,1
풍뎅이의숲,서울특별시 마포구 동교동 198-24 5층 502호,37.564669,126.921007,1
미스터힐링 신촌점,서울특별시 서대문구 창천동 20-51 신영스카이텔 B1,37.556019,126.939074,1
남대문 실탄사격장,서울특별시 중구 남대문로4가 3-3 4층,37.56055,126.977508,1
카페테라피 대학로점,서울특별시 종로구 동숭동 31-9 2층,37.580296,127.005264,1
ESC방탈출카페 홍대점,서울특별시 마포구 서교동 364-4 B2,37.551956,126.922474,1
다이나믹메이즈 인사동 + 박물관은 살아있다 인사동점,서울특별시 종로구 인사동 43 대일빌딩 지하 1층,37.571915,126.98718,1
아쿠아플라넷 63,서울특별시 영등포구 여의도동 60,37.519468,126.939825,1
죽여주는 이야기 (연극),서울특별시 종로구 동숭동 1-131 B1층 지인시어터,37.578445,127.004652,1
큐브이스케이프 홍대점,서울특별시 마포구 서교동 355-15,37.553355,126.920603,1
악토버 핑거스,서울특별시 구로구 신도림동 393-19,37.510315,126.879537,1
아쿠아플라넷 일산,경기 고양시 일산서구 대화동 2606-1,37.663364,126.755306,1
루소주얼리 홍대점,서울특별시 마포구 동교동 165-1 미래프라자 B1,37.556705,126.924141,1
아라테라피,서울 서대문구 창천동 31-40 3층,37.553559,126.937297,1
비스트로 누,서울특별시 서초구 반포동 92-7,37.499054,126.998736,1
이월드,대구광역시 달서구 두류동 산302-11,35.853954,128.563363,1
반지만들기카페 건대점,서울특별시 광진구 자양동 7-13 성신빌딩 2층,37.540045,127.068443,1
제나일,서울특별시 영등포구 문래동2가 60-2,37.514581,126.893136,1
루소주얼리 건대점,서울특별시 광진구 자양동 1-14,37.539866,127.069716,1
락큐 포켓볼 클럽 건대점,서울특별시 광진구 자양동 9-35 2F,37.540026,127.067378,1
반지대학 범계캠퍼스,경기도 안양시 동안구 호계동 1046-3 서련코아빌딩 504호,37.390131,126.95252,1
미스터힐링 롯데시네마영등포점,서울특별시 영등포구 영등포동 618-496,37.515479,126.906681,1
아이홉 맥주공방,서울특별시 송파구 삼전동 101-10 삼전빌딩 지하 1층,37.503002,127.093711,1
쉼스토리,서울특별시 강남구 역삼동 831-35,37.494806,127.030964,1
미스터힐링 안산중앙역점,"경기도 안산시 단원구 고잔동 534-3, 303호",37.318827,126.836534,1
미스터힐링 수원인계점,경기도 수원시 팔달구 인계동 1114-10 인송빌딩 4층 404호,37.265856,127.033871,1
미스터힐링 종각역점,서울특별시 종로구 종로2가 102-1 삼목빌딩 4층,37.569902,126.984352,1
또와또 낚시카페,서울특별시 광진구 화양동 23-40,37.54686,127.067073,1
비올즈플라워카페,서울특별시 관악구 행운동 1686-11 B1,37.47788,126.962576,1
반지더하기 건대점,서울특별시 광진구 화양동 7-39,37.541018,127.06932,1
미스터힐링 교대역점,서울특별시 서초구 서초동 1575-4,37.491718,127.013734,1
반지놀이터 부평점,인천광역시 부평구 부평동 182-8 3층,37.490991,126.726736,1
헤마스튜디오,서울특별시 강남구 논현동 20-10 메리디엠타워 B1층 101호,37.493157,126.986233,1
미스터힐링 숙대입구역점,서울특별시 용산구 남영동 25-8 3층,37.543894,126.972621,1
미스터힐링 마곡발산역점,서울특별시 강서구 마곡동 795-7 열린프라자 4층 405호,37.560066,126.837774,1
미스터리룸 이스케이프 홍대2호점,서울특별시 마포구 서교동 398-1 2층,37.549669,126.919438,1
미스터힐링 인천논현점,인천광역시 남동구 논현동 649-3,37.399989,126.724377,1
미스터힐링 용인죽전점,경기도 용인시 기흥구 보정동 1207-1 3F,37.320713,127.112085,1
리얼샷 종각역점,서울특별시 종로구 관철동 18-1 3층,37.569644,126.985612,1
홍대반지카페,서울특별시 마포구 서교동 366-13 3층,37.552114,126.921259,1
템플스트라이크,서울특별시 서초구 서초동 1317 지하 1층,37.498857,127.025538,1
두젠틀 장승배기역점,서울특별시 동작구 상도동 26-27,37.505385,126.942865,1
코칭심리카페,서울특별시 마포구 서교동 345-2 6층,37.553438,126.924332,1
반지만들기 안산점,경기도 안산시 단원구 고잔동 539-1,37.318719,126.837616,1
더메이즈 건대점,서울특별시 광진구 자양동 10-1 B1층,37.540648,127.066144,1
심리카페 멘토 수원점,경기도 수원시 팔달구 매산로2가 27 5층,37.268937,127.004538,1
루나밍,서울특별시 서대문구 창천동 496,37.56037,126.92683,1
리얼샷사격양궁장 홍대점,서울특별시 마포구 서교동 364-17 4층,37.551599,126.921591,1
리얼샷 건대점,서울특별시 광진구 화양동 47-71 지하 1층,37.541698,127.068333,1
명보드게임 사가정점,서울특별시 중랑구 면목동 595-51 3층,37.582622,127.08774,1
까르보마마,서울특별시 서초구 양재동 313-5,37.472296,127.040878,1
반지만들기 젬하우스,서울특별시 강남구 신사동 515-9,37.51807,127.022189,1
에니어그램심리연구소,서울특별시 강서구 마곡동 799-7 그랑트윈타워 A동 7층 719,37.542736,126.84193,1
심신프리 힐링카페 일산,경기도 고양시 일산동구 장항동 868 (CGV 일산점),37.655225,126.772402,1
마스터키즈쿠킹,서울특별시 종로구 동숭동 1-93,37.580931,127.003682,1
리틀파파포 연남점,서울특별시 마포구 연남동 390-83,37.562092,126.924648,1
십원집,서울특별시 중구 서소문동 101-1 2층,37.563407,126.975884,1
놀숲 경희대점,서울 동대문구 회기동 60-59,37.591685,127.051052,1
냥아치카페,경기 하남시 망월동 1083-1 3층 301호,37.484738,127.125508,1
타겟존 수원매탄점,경기도 수원시 영통구 매탄동 1267-2 2층,37.259237,127.04362,1
딜리버리 (연극),서울특별시 종로구 동숭동 1-35 아티스탄홀,37.583082,127.002086,1
유어스푼,서울특별시 강서구 마곡동 800-15 6층,37.536842,126.836691,1
사춘기 메들리 (연극),서울특별시 종로구 동숭동 1-35 아티스탄홀,37.583028,127.002044,1
나의 PS 파트너 (연극),서울특별시 종로구 동숭동 1-66 아트포레스트 2관,37.582254,127.002472,1
오마이갓 (연극),서울특시 종로구 동숭동 1-153 봄날아트홀 2관,37.579989,127.004248,1
고양이정원,서울특별시 강서구 개화동 559-49,37.575659,126.803105,1
성에꽃스냅,서울 영등포구 양화동 95,37.543466,126.899688,1
클럽K서울 선릉찜질방사우나,서울특별시 강남구 삼성동 140-4 B1,37.506599,127.048342,1
가네샤,서울시 관악구 신림동 1538-14 2층,37.468679,126.937544,1
플레이아쿠아리움 부천,경기도 부천시 상동 572-1 웅진플레이도시 2층,37.500039,126.74445,1
반지대학 명동캠퍼스,서울특별시 중구 충무로1가 25-32,37.561084,126.98311,1
반지대학 홍대본점,서울 마포구 서교동 407-26,37.550558,126.922129,1
두 여자 (연극),서울 종로구 명륜2가 24-1,37.583867,127.001071,1
아수라발발타 보드게임카페,부산광역시 부산진구 부전동 520-37,35.154892,129.056942,1
아수라발발타 광안점,부산광역시 수영구 민락동 181-143 9층,35.154656,129.124173,1
문숙이 미나리 식당 홍대점,서울특별시 마포구 서교동 366-14,37.55207,126.921126,1
레이저아레나 홍대점,서울특별시 마포구 서교동 343-2 태화프라자 5층,37.553447,126.925687,1
옥탑방 고양이 - 서울 (연극),서울특별시 동숭동 1-97 틴틴홀,37.581633,127.0035,1
벌툰 홍대본점,서울특별시 마포구 서교동 395-18,37.55061,126.92,1
히트야구사격,경기도 용인시 기흥구 구갈동 354-1 3층,37.280029,127.112616,1
칼리가리박사의밀실인천논현점,인천광역시 남동구 논현동 623-4,37.402348,126.722222,1
컨트리맨즈 전포동점,부산광역시 부산진구 전포동 683-5 3층,35.154705,129.062579,1
제이네,서울특별시 종로구 소격동 157-3,,,1
2호선 세입자 - 서울,서울특별시 종로구 동숭동 1-60 바탕골소극장,37.581823,127.00256,1
술개구리,서울특별시 마포구 서교동 400-12 2층,37.231509,127.186673,1
가배도 삼청,서울시 종로구 소격동 142-2,37.579935,126.982132,1
덕수궁 야경투어,서울특별시 중구 태평로2가,37.565893,126.97496,1
국립중앙박물관 투어,서울특별시 용산구 용산동6가 168-6 국립중앙박물관 내 으뜸홀 (전시관 1층 로비),37.524007,126.98046,1
창경궁 야경투어,서울특별시 종로구 와룡동 2-1 창경궁 홍화문 앞,37.57879,126.996301,1
오리나무뜰,인천광역시 서구 당하동 1028-13 세브란스빌딩 2층,37.593194,126.69765,1
런닝맨 부산점,부산광역시 부산진구 부전동 227-2 삼정타워 10층,35.153009,129.059622,1
놀이똥산 부산점,부산광역시 부산진구 부전동 227-2 10층,35.15301,129.059622,1
퍼스트가든,경기도 파주시 상지석동 1086-2,37.732468,126.794235,1
다이나믹메이즈 속초,강원도 속초시 노학동 1069-2,0,0,1
몬스터리움,경기도 김포시 대곶면 대명리 482 가동,37.553464,126.676835,1
고가빈커리하우스,"서울시 종로구 내수동 110-48, F3",37.572832,126.970945,1
AK플라자 수원점,경기도 수원시 팔달구 매산로1가 18,,,1
경복궁 투어,서울특별시 종로구 세종로 1-57 국립고궁박물관 정문 앞 계단,37.576988,126.974303,1
사랑에 빠지기까지 D-100 (연극),서울특별시 종로구 동숭동 1-47 연경빌딩 4층,37.582897,127.002424,1
넵타임커피,서울특별시 강남구 논현동 85-15,37.515653,127.033108,1
더플레이스다이닝 & N서울타워,서울특별시 용산구 용산동2가 산1-3 2층,37.551059,126.987921,1
N서울타워,서울특별시 용산구 용산동2가 산1-11,37.551059,126.987921,1
끼룩하우스,서울특별시 종로구 익선동 154-3,37.573935,126.990473,1
반지공방 에드링,경기도 부천시 역곡동 77-10 5층,37.485846,126.810522,1
썸타로사주 타로카페썸,서울특별시 서대문구 창천동 33-46 3층,37.556975,126.935883,1
쁘띠문래,서울특별시 영등포구 문래동6가 29 신일아르디세 1층,37.521303,126.887024,1
트라토리아 베이커리 카페,수원시 팔달구 인계동 1122-7 103호,37.262588,127.035749,1
보드게임카페 레드버튼 범계점,경기도 안양시 동안구 호계동 1045-6 5,37.390691,126.952774,1
보드게임카페 갬성,"서울특별시 송파구 송파동 26, 3층",37.508263,127.106979,1
쿤짱,경기도 의정부시 의정부동 154-4 2층,37.742276,127.050704,1
반띵,서울특별시 성북구 동선동2가 56-1,37.594028,127.017507,1
쌈바플스방,서울 광진구 화양동 3-37 2층,37.542668,127.071602,1
미르보드카페 중앙대점,서울 동작구 흑석동 195-8 B1,37.507265,126.958635,1
예담 카페,경기 부천시 중동 1056 201호,37.504398,126.769564,1
보드게임카페 레드버튼 신촌점,서울 서대문구 창천동 18-31 3층,37.556178,126.937109,1
보드게임카페 레드버튼 신림점,서울특별시 관악구 신림동 1640-44 3층,37.483126,126.929635,1
시그널헌터 동탄점,경기도 화성시 반송동 88-11 씨티플러스 6층,37.205807,127.072945,1
시그널헌터 광교중앙점,경기도 수원시 영통구 이의동 1347-2 2층,37.289755,127.047702,1
후암거실,서울특별시 용산구 후암동 134-1 3층,37.548561,126.976267,1
C156 (레스토랑),서울 광진구 화양동 24-15 에이치에비뉴호텔 B1,37.54605,127.066517,1
엔버거,서울특별시 용산구 용산동2가 산1-3,,,1
비밀의화원 서면점,부산광역시 부산진구 부전동 191-3,35.155269,129.059529,1
미인심리상담카페,서울 종로구 통인동 109-2 2층,37.633944,126.929063,1
월드보드게임카페,서울특별시 강북구 수유동 229-33 4층,37.638204,127.024944,1
스카이 롤러스케이트장,인천 남동구 구월동 1456 이토타워 15층,37.446216,126.700993,1
채그로,서울 마포구 마포동 388-5 아리수(옵티마)빌딩 9층,37.535674,37.535674,1
비밀의 화원 대학로점,서울 종로구 동숭동 1-34 지하 1층,37.582862,127.002126,1
코드네임블랙 대구점,대구광역시 중구 사일동 59,35.869415,128.595118,1
강남77,서울 서초구 서초동 1308-13 지하1층,37.500587,127.025382,1
카페테라피 구월점,인천광역시 남동구 구월동 1347-1 2F,37.449319,126.699321,1
비밀의화원 미드나잇,서울특별시 마포구 서교동 400-3 3층,37.549114,126.919021,1
씨더라이트,서울특별시 마포구 동교동 169-29 지하,37.556715,126.925443,1
애소야,인천광역시 부평구 부평동 742-2,37.487566,126.723087,1
컬러풀뮤지엄,서울시 중구 관훈동 155-2 안녕인사동 6층,37.574493,126.983829,1
포춘팩토리,부산광역시 남구 대연동 68-10 지하 1층,35.135933,129.0996,1
강북롤러스케이트,"서울특별시 강북구 번동 418-18, B2",37.63805,127.026051,1
프라젠 스타카페,서울특별시 광진구 자양동 663-21 지하 2층,37.530877,127.08413,1
보드게임카페 레드버튼 대전은행점,대전광역시 중구 은행동 45-5 지하1층,36.329023,127.428118,1
보드게임카페 레드버튼 경성대점,부산광역시 남구 대연동 68-1 3층,35.136416,129.100376,1
보드게임카페 레드버튼 화정점,경기 고양시 덕양구 화정동 978-1 4층 401호,37.632825,126.832577,1
보드게임카페 레드버튼 안양점,경기 안양시 만안구 안양동 674-215 3층,37.399725,126.922432,1
보드게임카페 레드버튼 안산점,경기 안산시 고잔동 539-19 송원빌딩 501호,37.318419,126.837591,1
구구당,서울특별시 강남구 역삼동 617-6,37.503265,127.027872,1
키친브로망스,서울시 구로구 구로동 31-3 지하1층,37.504836,126.890382,1
쏭타이치앙마이,서울특별시 용산구 한강로2가 73-4 1층,37.530328,126.971596,1
허씨 정통중경마라샹궈,서울특별시 광진구 자양동 6-41,37.539889,127.067583,1
별별성격카페,서울 송파구 방이동 171-5 한양빌딩 202호,37.514605,127.119607,1
스마일멀티방 수원팔달점,경기 수원시 팔달구 팔달로3가 102-7,37.277106,127.015843,1
보드게임카페 레드버튼 광주충장로점,광주 동구 황금동 63 2층,35.146497,126.916438,1
히히냥냥,서울 강남구 역삼동 619-4 5층 501호,37.501876,127.026992,1
빠레뜨한남 강남CGV점,서울특별시 강남구 역삼동 813-13 2층,37.501995,127.026837,1
플라비 석촌점 (써지컬),서울특별시 송파구 송파동 29-12 B1,37.50936,127.106426,1
오색면전 롯데백화점 광복점,부산광역시 중구 중앙동7가 20-1 롯데백화점 광복점 본관 10층,35.0984,129.036761,1
이천 테르메덴,경기도 이천시 모가면 신갈리 360,,,1
보드게임카페 레드버튼 대학로점,서울 종로구 명륜4가 8-1 4층,37.583359,127.000908,1
고카페 용산아이파크몰점,서울 용산구 한강로3가 40-999 아이파크몰더센터 5층,37.529845,126.964888,1
아더사이드,경기도 안양시 동안구 관양동 1802,37.399648,126.970221,1
버드펠리스,경기도 부천시 춘의동 120-7 경창빌딩 4층,37.505361,126.786901,1
김천재의 육회반한연어,서울 강남구 논현동 181-8 2층,37.50744,127.02683,1
소노벨 천안 오션어드벤처,충남 천안시 동남구 성남면 용원리 672,,,1
영메이슨 도예 스튜디오,서울특별시 마포구 연남동 257-3 지층 우측 전면부,,,1
보드게임카페 레드버튼 강남점,서울특별시 강남구 역삼동 814-5,37.501939,127.026452,1
코믹큐브,경기도 성남시 분당구 정자동 65-6 지하 1층,37.36875,127.112962,1
휘닉스평창 블루캐니언,강원도 평창군 봉평면 면온리 1095-1 휘닉스평창,37.580895,128.329708,1
동춘서커스상설공연장,경기 안산시 단원구 대부북동 1849-31,37.28336,126.569766,1
로만바스,경기 용인시 삼가동 419-3 영진테마파크,37.2331,127.157032,1
쥬라리움 청라점,인천 서구 청라동 157-10 지하 1층 135호,37.533784,126.647532,1
쥬라리움 하남점,경기 하남시 망월동 1143-1 미사강변 오벨리스크,37.571309,127.195048,1
쥬라리움 금천점,서울특별시 금천구 독산동 295-10 3층,37.470628,126.895698,1
숲속한방랜드,서울 서대문구 봉원동 51,37.570237,126.945611,1
원마운트 워터파크,경기도 고양시 일산서구 대화동 2606,37.664719,126.755092,1
놀숲 압구정역점,서울 강남구 신사동 577-8 지하 1층,37.525253,127.027039,1
스포독,부산광역시 해운대구 재송동 1220 센텀필상가1관 옥상,35.176619,129.126495,1
토시코레더가죽공방,서울 종로구 이화동 28-33 1층,37.577324,127.005591,1
아인스카페,서울특별시 동대문구 회기동 16-69 3F,37.592092,127.05217,1
광명동굴,경기도 광명시 가학동 27,37.425172,126.864449,1
홍제천,서울특별시 서대문구 홍은동 48-84,,,1
보드게임카페 레드버튼 남포점,부산 중구 창선동2가 47-1 2층,35.099112,129.029149,1
플라비 석촌점 (향수),서울특별시 송파구 송파동 29-12 B1,37.50936,127.106426,1
카페 류온,경기도 수원시 팔달구 북수동 297-2,37.282605,127.017752,1
소고산제일루,서울특별시 마포구 서교동 366-13 2층,37.55208,126.921257,1
쥬라리움 파주점,경기 파주시 탄현면 성동리 84 2층,37.790349,126.684984,1
케이펍스테이크&치킨,서울 송파구 문정동 643-1 엠스테이트 C동 225호,37.485889,127.120382,1
별빛정원 우주,경기도 이천시 마장면 각평리 319,37.241676,127.391452,1
서울랜드,경기도 과천시 막계동 33,,,1
대전오월드,대전광역시 중구 사정동 산39-1,36.289233,127.402356,1
남포동 사진관 알라딘 스튜디오,부산광역시 중구 남포동2가 18-3,35.098854,129.03098,1
아지오 인사동점,서울특별시 종로구 견지동 68-1,37.573676,126.983411,1
케이슨24,인천광역시 연수구 송도동 12-8,,,1
멜랑말랑 범계점,경기도 안양시 동안구 호계동 1049-2 지하 1층,37.390416,126.954449,1
369마실,서울특별시 성북구 삼선동1가 11-123,37.586968,127.005955,1
얼로우스튜디오,서울특별시 마포구 창전동 130 주혜빌딩 6층,37.549376,126.931655,1
한국민속촌,경기도 용인시 기흥구 보라동 35,0,0,1
재팔이네닭발 대학로점,서울특별시 종로구 명륜4가 72-2 2층,37.582416,127.000639,1
Academy JHK,서울특별시 종로구 익선동 2-1,37.575187,126.988474,1
보드게임카페 레드버튼 노원점,서울 노원구 상계동 617 나동 4층,37.655519,127.062566,1
미스터힐링 포도몰신림점,서울 관악구 신림동 1641-2 포도몰 11층,37.483848,126.930237,1
미스터힐링 이수역점,서울 동작구 사당동 139-66 5층,0,0,1
미스터힐링 동성로점,대구광역시 중구 삼덕동1가 18-8 2F,0,0,1
미스터힐링 대학로점,서울 종로구 동숭동 1-51 2층,0,0,1
미스터힐링 두류광장점,대구광역시 달서구 두류동 493-9 3층,0,0,1
미스터힐링 명동역점,서울특별시 중구 명동2가 31-4 3층,0,0,1
미스터힐링 롯데시네마 청량리점,서울특별시 동대문구 전농동 591-53 롯데백화점 청량리점 7층,0,0,1
미스터힐링 연신내점,서울 은평구 갈현동 455-20 3층,0,0,1
미스터힐링 일산풍동점,경기 고양시 일산동구 풍동 1273-4 보민프라자 2층 202호,0,0,1
미스터힐링 남포동점,부산 중구 남포동5가 8-1 지하2층,0,0,1
미스터힐링 CGV대전터미널점,대전 동구 용전동 68-2 2층,0,0,1
미스터힐링 구로디지털점,서울 구로구 구로동 188-25 2층 5-2호,0,0,1
미스터힐링 동탄역점,경기 화성시 오산동 1019 라스플로레스 B동 2층,0,0,1
미스터힐링 부산대역점,부산 금정구 장전동 414-23 2,0,0,1
탭퍼블릭 광화문그랑서울점,서울특별시 종로구 청진동 70 그랑서울 빌딩 지하 1층 B102호,37.57069348,126.981512,1
탭퍼블릭 한남동점,서울 용산구 한남동 683-141 트윈빌딩 L2,37.53642683,127.0004308,1
탭퍼블릭 여의도점,서울특별시 영등포구 여의도동 23-6 오투타워 2층,37.52339542,126.9233853,1
마라토끼 양재점,서울특별 서초구 양재동 267-4,37.47603969,127.0434576,1
핑거맵,"서울 송파구 삼전동 1-6, 2층",37.50741664,127.0834782,1
리얼샷 실전사격양궁장,서울특별시 종로구 동숭동 1-55 2층,37.58271578,127.0024373,1
리얼샷 플러스,서울특별시 종로구 명륜4가 176-2 B1,37.58284928,126.999382,1
버드플라잉&뉴런렙시티,서울특별시 노원구 상계동 363-2 천우빌딩 지하 1층,37.65776136,127.0646215,1
글루호텔,서울특별시 종로구 이화동 105-2,37.57578478,127.0039554,1
플라비 석촌점 (은팔찌),서울특별시 송파구 송파동 29-12 B1,37.50937072,127.1063728,1
보드게임카페 레드버튼 부평점,인천광역시 부평구 부평동 193-73 한양빌딩 3층,37.49240264,126.7242804,1
파리뮤직포럼,서울 광진구 자양동 630-41 1층,37.534595,127.083009,1
보드게임카페 레드버튼 서면점,부산광역시 부산진구 부전동 222-1 4층,35.154328,129.062133,1
보드게임카페 레드버튼 서면2호점,부산 부산진구 부전동 172-5 4층,35.154934,129.060924,1
놀숲 일산라페스타점,경기도 고양시 일산동구 장항동 768 라페스타 B동 2층,37.660569,126.768921,1
미니미 보드게임 룸 카페,"서울 성북구 동선동1가 85-107 4층, 5층",37.591186,127.018343,1
포미가,서울특별시 금천구 가산동 505-14,37.48433179,126.880898,1
피자시즌 성수점,서울특별시 성동구 성수동2가 322-4 성수연방 1층,37.541601,127.056995,1
VOD SUITE,서울특별시 강남구 논현동 221-1,,,1
카페올리,서울특별시 양천구 신월동 519-17,37.52100286,126.8412443,1
죠우,서울 용산구 동자동 11-7,37.55334879,126.9746282,1
감탄성신,서울특별시 강남구 역삼동 813-2 1층,37.502883,127.026645,1
아수라발발타 명륜점,부산 동래구 명륜동 447-1 2층,35.203641,129.082806,1
미쁘동,서울특별시 마포구 연남동 384-7 2층,,,1
상무초밥 강남역점,"서울특별시 강남구 논현동 201-12 es타워, 1층",37.505192,127.025747,1
브레라,서울 중구 신당동 366-440 대명빌딩 2층,37.548335,127.006941,1
POPIIO (팝피오) - 대학로Ⅰ,서울특별시 종로구 명륜4가,37.58364329,127.0013558,1
뚝섬미술관 인사이드미,서울특별시 성동구 성수동1가 656-281 B1층,37.547165,127.048327,1
에이치메디스파,서울 강서구 화곡동 1165-1 강서힐스테이트 상가동 3층 311호,37.54742861,126.8366274,1
온센 신포점,인천광역시 중구 송학동3가 7-6,37.4726467,126.62476,1
온센 광화문점,서울특별시 중구 태평로1가 84 지하 2층,37.56836933,126.9777901,1
청화공간,경기도 시흥시 대야동 305-24,37.45247,126.786411,1
플라비 홍대점 (향수),서울특별시 마포구 서교동 339-4 지하 1층,37.55417283,126.9269323,1
플라비 홍대점 (팔찌),서울특별시 마포구 서교동 339-4 지하 1층,37.55417283,126.9269323,1
더마프리마,경기도 고양시 일산서구 대화동 1050-185 일산가로수길 B동 214호,37.666301,126.756284,1
그레인스퀘어,경기 용인시 처인구 역북동 791,37.23132168,127.1857959,1
레트로게임카페 리멤버,경기 의정부시 호원동 119-42 지하 1층,,,1
히어로보드게임카페 서면점,부산광역시 부산진구 부전동 227-2 삼정타워 9층 907호,35.153008,129.059615,1
세모담,서울특별시 구로구 구로동 26 포스빌 15층 1527호,,,1
히어로보드게임카페 경성대점,부산광역시 남구 대연동 72-18 3층,35.13659071,129.0997161,1
카페더피치,경기도 시흥시 정왕동 1799-4,37.346611,126.739336,1
해늘아트,부산광역시 영도구 동삼동 237-9 지하 1층,35.081606,129.07132,1
윤정문안마원,서울특별시 성동구 성수동2가 284-68 창미빌딩 309호,,,1
예쁜손글씨 POP교육센터,"인천광역시 중구 인현동 49-2, 3층",37.47400969,126.6294177,1
서가앤쿡 마곡점,서울특별시 강서구 마곡동 774-12 마커스빌딩 2층,37.559653,126.835063,1
보드게임카페 레드버튼 산본점,경기도 군포시 산본동 1133-1 성보빌딩 지하1층,37.36017569,126.9316192,1
리프패럿 시민공원점,부산광역시 부산진구 부암동 80-35 석보빌딩 2층,35.164643,129.053161,1
플라비 석촌점 (반지),서울특별시 송파구 송파동 29-12 B1,37.50937072,127.1063728,1
플라비 홍대점 (반지),서울특별시 마포구 서교동 339-4 지하 1층,37.55417283,126.9269323,1
제이드가든,강원도 춘천시 남산면 서천리 412 제이드가든수목원,37.832741,127.542159,1
퍼지네이블 광안점,부산광역시 수영구 광안동 200-20,35.15045883,129.1158175,1
퍼지네이블 민락점,부산광역시 수영구 민락동 178-13 홍윤빌딩 1층,35.15519105,129.1212346,1
퍼지네이블 광복점,부산광역시 중구 광복동1가 5-2,35.09938945,129.0345401,1
퍼지네이블 서면점,부산광역시 부산진구 부전2동 220-10,35.15384956,129.060931,1
퍼지네이블 해운대점,부산광역시 해운대구 중동 1392-17,35.16061108,129.1616753,1
솔이미지,서울특별시 강남구 수서동 725,37.486738,127.103132,1
펠리칸카페,서울특별시 마포구 상수동 324-11,,,1
서프마린,부산광역시 수영구 남천동 5-13 우진빌딩 지하 1층,35.14613198,129.1145277,1
정숙성,서울특별시 관악구 봉천동 1603-3 1층,37.479129,126.953833,1
크레이지서퍼스,부산광역시 수영구 남천동 5-8,35.14615252,129.113384,1
오뗄두스 소공점,"서울 중구 소공동 85-2 1층, 2층",37.56362101,126.9798879,1
중화루,인천 광역시 중구 중앙동4가 7-1,37.47173345,126.6239462,1
태화원,인천광역시 중구 선린동 22,37.473979,126.618556,1
커피가이,"경기 수원시 팔달구 매향동 25-2, 1층, 2층",37.28343426,127.0198375,1
연금술차 광명2호점,경기 광명시 일직동 512 유플래닛데시앙오피스텔상가 2층 213호,37.41792317,126.8816583,1
식물 익선동,서울 종로구 익선동 166-62,37.57380401,126.9896383,1
케잌아일랜드,경기 성남시 분당구 서현동 307 미래타운 A상가 1087호,37.37296652,127.137999,1
플라비 홍대점 (은팔찌),서울특별시 마포구 서교동 339-4 지하1층,37.55419573,126.9269386,1
케잌아일랜드 정자점,경기 성남시 분당구 정자동 170-1 130호,37.36134564,127.1061242,1
플라비 홍대점 (은반지),"서울 마포구 서교동 339-4, 지하1층",,,1
보드게임카페 레드버튼 홍대점,서울 마포구 서교동 358-1 3층,37.55396,126.922606,1
비그라운드,경기도 성남시 분당구 수내동 22-3 1층 비그라운드 커피,37.37686105,127.1113688,1
오렌지스카이 (연극),서울특별시 종로구 혜화동 194 달밤엔씨어터 B1,37.58416976,127.0027011,1
D314,경기도 안양시 만안구 안양동 674-34,37.40030641,126.9211816,1
익스큐즈미 오스테리아,서울특별시 마포구 연남동 228-24,37.5628515,126.9252816,1
피자컴퍼니 이태원,서울특별시 용산구 이태원동 57-24,37.53453122,126.9891571,1
엣홈101,서울특별 성동구 도선동 398-1,37.56465372,127.0306433,1
이프리오,부산 강서구 범방동 1912-2,35.14646,128.886209,1
스페인클럽 이태원점,서울 용산구 한남동 736-8 1층,37.53469,126.998087,1
스페인클럽 롯데월드몰점,서울 송파구 신천동 29 롯데월드몰 6F,37.51333135,127.1019526,1
스페인클럽 가로수본점,서울 강남구 신사동 524-30,37.521905,127.021929,1
스페인클럽 수성못점,대구 수성구 두산동 863-3 수성스퀘어 1층 스페인클럽,35.82540876,128.6201201,1
와인싸롱뱅뱅,경기도 광명시 철산동 397 1층,37.47567331,126.8692817,1
한옥카페 선운각,서울특별시 강북구 우이동 265-16,37.65559,127.000438,1
스시노칸도 홍대점,서울특별시 마포구 서교동 366-8 서교뉴빌라 2층,37.5522155,126.9207968,1
브릭캠퍼스 부산,부산광역시 기장군 기장읍 시랑리 산46 롯데몰 메종동부산 1층,35.1929065,129.2152591,1
짚신매운갈비찜 숙대점,서울 용산구 갈월동 87-2 1층,37.543865,126.971922,1
리프패럿 하남 풍산동점,"경기도 하남시 풍산동 504-3 2층 203, 204호",37.55302876,127.1862424,1
POPIIO (팝피오) - 건대,서울특별시 광진구 자양동,37.54054183,127.0682928,1
카페클릭,부산 부산진구 전포동 312-25 2층,35.155012,129.06601,1
플라비 성수점 (은팔찌),서울특별시 성동구 성수동1가 685-417 B1층,37.54200499,127.0479048,1
플라비 성수점 (향수),서울특별시 성동구 성수동1가 685-417 B1층,37.54199555,127.0479115,1
카페테라피 월미점,인천광역시 중구 북성동1가 98-577,37.470883,126.596491,1
참우돌양곱창,부산광역시 동래구 온천동 189-34,35.21874091,129.0818003,1
카페023,인천광역시 중구 전동 35-1,37.475494,126.622756,1
슬라이스룸,서울 마포구 상수동 334-13,,,1
Projec D,서울특별시 중구 광희동2가 96 동양빌딩 1층,37.564743,127.009789,1
POPIIO (팝피오) - 이태원,서울특별시 용산구 용산동2가,0,0,1
POPIIO (팝피오) - 송리단길,서울특별시 송파구 송파동,37.51016222,127.1119174,1
POPIIO (팝피오) - 삼청동,서울특별시 종로구 삼청동,37.57711459,126.9861105,1
멍멍이얌,경기 성남시 분당구 이매동 131-1 2층 207호,37.40518696,127.1217147,1
꼬마문방구 꼬마카페인 의정부본점,"경기 의정부시 의정부동 198-1 1층, 2층 꼬마문방구&꼬마상회",37.741163,127.047907,1
반지야놀자 종로본점,서울특별시 종로구 종로2가 40 7층,37.57051141,126.9891142,1
화개리1972 동래점,부산광역시 동래구 온천동 1444-6,35.206672,129.072448,1
꼭그닭 강남점,서울특별시 강남구 역삼동 812-18 B1층,37.50244299,127.0270983,1
씨어터 앤 펍 맥거핀,"서울특별시 마포구 서교동 386-10,  B1",37.5519619,126.9146444,1
컬러브루니,서울특별시 동작구 상도동 191-2 B1층,37.502696,126.935208,1
POPIIO (팝피오) - 부암동,서울특별시 종로구 부암동,,,1
카페 아힌,서울특별시 용산구 남영동 41-1,37.54444,126.973452,1
POPIIO (팝피오) - 압구정로데오,서울특별시 강남구 신사동,37.52662331,127.0401577,1
Happy Skin 명동점,서울 중구 충무로2가 12-17,37.56188688,126.9868735,1
경성미술관,서울 강남구 신사동 544-16 B1,37.520304,127.023742,1
아쿠아플라넷 광교,경기 수원시 영통구 하동 1017-4 갤러리아 광교 파사쥬 지하 1층,37.28448673,127.0586602,1
POPIIO (팝피오) - 한남동,서울특별시 용산구 한남동,37.54015051,127.0018846,1
자개이야기진주쉘 북촌점,서울 종로구 가회동 172-1 1층 지하1층,,,1
랩타임,서울특별시 영등포구 당산동6가 237-36 1F,37.53429035,126.9033563,1
아트쉬프트,서울특별시 중구 을지로3가 286-2 5층,37.565848,126.993399,1
Cozy Music 음악공방,서울특별시 송파구 문정동 652 송파법조타운푸르지오시티 지하1층 B114호,37.48299341,127.1218324,1
아라베스크 이태원점,"서울 용산구 한남동 737-4, 2층",37.53563916,126.9988413,1
제이스 생텀커피,부산광역시 기장군 일광면 화전리 135,35.277262,129.234276,1
카토,서울 용산구 한강로3가 40-224 1층 2층,37.52516558,126.9617616,1
젠틀래빗 해운대점,부산 해운대구 중동 1391-66 1층,35.16013751,129.1614294,1
행주산성카페 캐슬602,경기 고양시 덕양구 행주내동 173-2,37.60250108,126.8249448,1
티철판요리,경기 수원시 영통구 원천동 572-3 링크프라자 2층,,,1
샐그릭,서울특별시 송파구 가락동 99-7,37.49362153,127.1200514,1
SCENT M.O.M.O.,서울특별시 중구 필동2가 18-7 B1,37.56683407,127.0073732,1
봄날의 서재 감성 스터디카페 원흥역점,경기도 고양시 덕양구 원흥동 629 한일골드타워 3층,0,0,1
봄날의 서재 감성 스터디카페 경기광주역점,경기도 광주시 장지동 56-6 201호,0,0,1
봄날의서재 감성 스터디카페 안산중앙역점,경기도 안산시 단원구 고잔동 535-1 6층 601호,0,0,1
봄날의서재 감성 스터디카페 연신내역점,서울특별시 은평구 갈현동 454-27 영화빌딩 2층,37.61811369,126.9180028,1
봄날의서재 감성스터디카페 송산새솔점,경기도 화성시 새솔동 76-13 더드림Ⅱ 8층 801호,37.1994932,126.8311887,1
파주스타,경기도 파주시 파주읍 봉암리 230-9 나동1층,37.81673844,126.7989203,1
차이홍,경기도 부천시 옥길동 744-1 303호,37.46660134,126.8247722,1
작은연못,인천광역시 중구 중산동 1929-7 1층,37.493616,126.500158,1
레이저아레나 서면점,부산광역시 부산진구 부전동 183-1 쥬디스태화 신관 6층,35.155146,129.060403,1
센텀 스파랜드,부산 해운대구 우동 1495 신세계백화점센텀시티점,35.168645,129.129116,1
제주항통갈치,부산 기장군 기장읍 시랑리 527-25,35.18707449,129.2113376,1
행동돼장 팔달구행궁로점,경기 수원시 팔달구 팔달로3가 121 행동돼장,37.27695522,127.0154492,1
아쿠아필드 고양,경기 고양시 덕양구 동산동 370 스타필드 고양 4층,37.647844,126.896617,1
아쿠아필드 하남,경기도 하남시 신장동 616 스타필드 하남 3층,37.546073,127.22412,1
아쿠아필드 안성,경기 안성시 공도읍 진사리 354 스타필드 안성 4층,36.994302,127.147805,1
델루나 레스토랑,"부산광역시 수영구 민락동 181-223 6층 604호, 605호",35.15323,129.124603,1
potteryCHO (포터리조),서울특별 구로구 구로동 1130-20 지하1층,37.481387,126.8981,1
오늘의초밥,경기 수원시 영통구 이의동 1306-20 1층,,,1
로맨틱핑크,서울 구로구 고척동 52-42 2층,37.501872,126.864776,1
고쿠텐 잠실새내점,"서울 송파구 잠실동 194 잠실아이파크 103,104호",37.51008795,127.0799896,1
부산컬러심리교육원,부산광역시 사상구 주례동 88 동서대학교 전자정보관 2105호,35.14612053,129.0070449,1
칙바이칙 강남역점,서울특별시 강남구 역삼동 818-11,37.499649,127.028573,1
레이저아레나 창원점,경상남도 창원시 성산구 상남동 9-1 4층 401호,35.223417,128.68564,1
HIDE AND SEEK 홍대점,서울특별시 마포구 동교동 203-57 SANTOH빌딩 지하1층,37.55817118,126.9202721,1
부산요트프로포즈 사랑해 요트투어,부산광역시 해운대구 우동 1393 수영만요트경기장,35.15983611,129.1419665,1
후암주방 제빵실,서울특별시 용산구 후암동 114-20,,,1
아라베스크 송도점,인천 연수구 동춘동 813-7,37.41346729,126.6553384,1
아크로마커피바,서울시 마포구 상수동 334-13,37.54616021,126.9221453,1
본가스시 더현대서울점,서울 영등포구 여의도동 22 더현대서울 지하1층,37.52612155,126.928328,1
심리상담소 마음의공간,서울특별시 강남구 역삼동 638-4 2층 2006호,37.496823,127.041743,1
레푸스 미아,서울특별시 강북구 미아동 310-1 3층,37.62427084,127.0266077,1
본가스시 현대백화점천호점,서울특별시 강동구 천호동 455-8 현대백화점천호점 B2,37.538821,127.124498,1
본가스시 현대백화점신촌점,서울특별시 서대문구 창천동 30-33 현대백화점신촌점 B1,37.55608121,126.935723,1
부산요트투어 요트와,부산광역시 해운대구 우동 1393 수영만요트경기장,35.160932,129.140537,1
피스커피 구리여행점,경기 구리시 교문동 390 구리시여성행복센터 행복동 1층,0,0,1
코너피자리아,경기도 수원시 팔달구 신풍동 60-1 2층,,,1
향기공방,경기도 고양시 일산동구 장항동 733 한강세이프빌 2층 202-5호,37.557942,126.830518,1
다락방OTT,서울특별시 중구 을지로6가 18-96 4층,37.567794,127.008057,1
에키노마에,인천 부평구 부평동 126-10,37.4945753,126.7268135,1
8번가,서울특별시 동대문구 회기동 42-139,37.592769,127.051968,1
카페 디아즈,경기 수원시 팔달구 인계동 1119-8 HP빌딩 4층,37.264293,127.034362,1
코리아스파 명동본점,서울특별시 중구 명동1가 48-2 미래빌딩 4층,37.564281,126.984698,1
그리니공방,대구 중구 남성로 143 2층,35.8689958,128.5876672,1
타임캡슐성수,서울특별시 성동구 성수동2가 564-1,37.53728,127.054758,1
숲속에바다,서울특별시 강북구 우이동 299-2,0,0,1
본아베스,부산광역시 동래구 수안동 666-1,35.2016,129.0804,1
자갈치크루즈,부산광역시 중구 남포동4가 44-3,35.0967,129.0314,1
매직플로우 (원더래빗),경기도 고양시 덕양구 동산동 370 매직플로우 3층,37.647331,126.896083,1
아벡데프리츠 수지신봉점,경기도 용인시 수지구 신봉동 969 1층 109호,37.327934,127.068233,1
셀리앙,서울특별시 성동구 도선동 402,37.5647,127.0304,1
모루세라믹 도자기공방,서울특별시 광진구 자양동 580-13,37.5334347,127.0753946,1
메가박스 강남,서울특별시 서초구 서초동 1317-20 아라타워 8~11층,37.4979903,127.0264176,1
메가박스 동대문,서울특별시 중구 을지로6가 18-220 굿모닝시티 쇼핑몰,37.5663954,127.0073743,1
메가박스 상봉,서울특별시 중랑구 상봉동 130-3,37.5931722,127.0746816,1
메가박스 성수,서울특별시 성동구 성수동1가 656-335,37.5418055,127.0450105,1
메가박스 이수,서울특별시 동작구 사당동 147-53 골든시네마타워,37.484679,126.981654,1
메가박스 홍대,서울특별시 마포구 동교동 160-4,37.5559738,126.9220726,1
메가박스 신촌,서울특별시 서대문구 신촌동 74-12 밀리오레 5층,37.5597222,126.9422222,1
메가박스 목동,서울특별시 양천구 목동 917-6,37.5288784,126.8759799,1
메가박스 마곡,서울특별시 강서구 마곡동 797-1 퀸즈파크나인,37.5593464,126.8348948,1
메가박스 상암월드컵경기장,서울특별시 마포구 성산동 420,37.5691467,126.8980151,1
메가박스 화곡,서울특별시 강서구 화곡동 1073-10 메가스퀘어 4층,37.5405677,126.8376594,1
메가박스 광명AK플라자,경기도 광명시 일직동 512-3,37.4187837,126.8830021,1
메가박스 하남스타필드,경기도 하남시 신장동 616 스타필드 하남 4층,37.5439584,127.2207942,1
메가박스 분당,경기도 성남시 분당구 서현동 262-2,37.3854915,127.122325,1
메가박스 남양주 현대아울렛 스페이스원,경기도 남양주시 다산동 6141,37.6152261,127.1529659,1
메가박스 의정부 민락,경기도 의정부시 민락동 813-3 민락메가타워 5층,37.7459066,127.095679,1
메가박스 송도,인천광역시 연수구 송도동 176-5,37.3784943,126.6631616,1
메가박스 킨텍스,경기도 고양시 일산서구 대화동 2602,37.6679205,126.7516889,1
메가박스 고양스타필드,경기도 고양시 덕양구 동산동 370,37.6470602,126.8938711,1
메가박스 부천스타필드시티,경기도 부천시 옥길동 768 4~6층,37.4614412,126.8139398,1
메가박스 김포한강신도시,경기도 김포시 구래동 6882-4 두원타워 8층,37.6448542,126.6242877,1
메가박스 파주출판도시,경기도 파주시 문발동 510-1,37.7137338,126.6877438,1
메가박스 안성 스타필드,경기도 안성시 진사리 354,36.9946696,127.1456585,1
메가박스 영통,경기도 수원시 영통구 영통동 960-1,37.2527036,127.0716535,1
메가박스 용인기흥,경기도 용인시 기흥구 고매동 889,37.2241162,127.115373,1
메가박스 천안,충청남도 천안시 서북구 두정동 68-15,36.8323987,127.1478629,1
메가박스 대전,대전광역시 서구 탄방동 746 로데오타운 5층,36.3472457,127.3879914,1
메가박스 대전신세계 아트앤사이언스,대전광역시 유성구 도룡동 3-1,36.3753536,127.3811502,1
메가박스 대전유성,대전광역시 유성구 봉명동 1016-7,36.3522947,127.3447286,1
메가박스 대전중앙로,대전광역시 중구 대흥동 205-1,36.3277006,127.4241242,1
메가박스 대전현대아울렛,대전광역시 유성구 용산동 579 현대프리미엄아울렛 대전점 3~4층,36.423481,127.3970435,1
메가박스 세종나성점,세종특별자치시 나성로 38,36.483519,127.2639252,1
메가박스 대구 신세계,대구광역시 동구 신천동 1506,35.8779244,128.6286271,1
메가박스 대구이시아,대구광역시 동구 봉무동 1548,35.9207316,128.6357086,1
메가박스 남포항,경상북도 포항시 남구 오천읍 원리 1134,35.9745199,129.4034117,1
메가박스 구미강동,경상북도 구미시 진평동 1023-2,36.1070711,128.4180507,1
메가박스 문경,경상북도 문경시 모전동  859-2,36.587517,128.1903813,1
메가박스 부산대,부산광역시 금정구 장전동 292-4,35.2301204,129.0881013,1
메가박스 사상,부산광역 사상구 괘법동 533-1 애플아울렛 본관동 4~5층,35.1630791,128.9810089,1
메가박스 울산,울산광역시 중구 성남동 251-8,35.5543759,129.3210248,1
메가박스 마산,경상남도 창원시 마산합포구 해운동 68,35.1818374,128.5638393,1
메가박스 양산라피에스타,경상남도 양산시 물금읍 가촌리 1292,35.3104571,129.0091451,1
메가박스 창원,경상남도 창원시 성산구 중앙동 99-1,35.2213896,128.675719,1
메가박스 창원내서,경상남도 창원시 마산회원구 내서읍 중리 1043-1 ISC 프라자 10~11층,35.2489619,128.510689,1
메가박스 코엑스,서울특별시 강남구 삼성동 159,37.5124447,127.05879,1
아이존팝 노원점,서울특별시 노원구 상계동 716 지하 2,37.6548486,127.0619133,1
37&SeoHee,부산 강서구 명지동 3594 퍼스트월드 2단지 상가 127-1호,35.097801,128.906677,1
그라동빵집,서울특별시 송파구 문정동 10-10,37.489101,127.127199,1
도베르,서울특별시 강북구 수유동 192-13,37.639517,127.0246344,1
아향부 불타는 꼬치마을,서울특별시 영등포구 대림동 1050-27 2층,37.4922,126.8977,1
보드게임카페 레드버튼 잠실새내점,"서울시 송파구 잠실동 180-1, 4층",37.510752,127.081271,1
녹테마레,전라남도 여수시 만흥동 1226,0,0,1
아트쉬프트 (공연),서울특별시 중구 을지로3가 286-2 5층,,,1
쥬라리움 동탄점,경기도 화성시 방교동 780-2,37.1803,127.0925,1
섹시코코,부산광역시 해운대구 우동 548-20,,,1
이우,서울특별시 광진구 화양동 11-7 2층,0,0,1
오도르마노아 힐링 천연아로마 공방,경기도 수원시 장안구 천천동 334-2 푸르지오 제 1종합상가 5층,37.2917,126.9824,1
브릭스파크 안양점,경기 안양시 안양동 641-14 지하1층,37.400239,126.923417,1
직물놀이공방,서울 종로구 가회동 31-69,37.582266,126.984018,1
서울아일랜드,서울 마포구 연남동 564-37 1층,37.558812,126.918642,1
한쿡 N서울타워점,서울특별시 용산구 용산동2가 산1-3 N서울타워 전망대 T3층,0,0,1
고양이자리표,경기 수원시 영통구 영통동 998-6 아셈프라자 3층 308호,37.25038,127.074364,1
Dieu Monde,서울 마포구 서교동 358-119 1층,37.552893,126.922511,1
탭퍼블릭 판교점,경기 성남시 분당구백현동 534 테크원타워 1층,0,0,1
얼핏,대구 달서구 본리동 66-20 1층,35.842898,128.539416,1
보드게임카페 레드버튼 동성로점,대구 중구 삼덕동1가 5-2 몰디브코리아빌딩 4층 401호,0,0,1
메가박스 광명소하,경기도 광명시 소하동 1344 B1층,37.445728,126.89426,1
메가박스 금정AK플라자,경기도 군포시 금정동 916 힐스테이트 금정역,37.37261,126.944261,1
메가박스 춘천석사,강원도 춘천시 석사동 980 춘천NH타운_ENTA 2층,37.863309,127.748233,1
카페 385,부산 영도구 동삼동 176-2,0,0,1
카페 후고,부산광역시 금정구 장전동 401-11,35.232266,129.084559,1
보드게임카페 레드버튼 동성로2호점,대구 중구 공평동 63 2층,35.868045,128.598135,1
먼데이게임,"연인, 친구와 함께 있는 곳이라면 어디든",,,1
프롬레이첼,부산시 동래구 안락동 630-61 1층,35.192951,129.101482,1
더홀릭보드게임카페 수유역점,서울특별시 강북구 수유동 224-15,37.6385,127.0242,1
살팀보카,서울특별시 용산구 남영동 97-7,37.5423,126.9737,1
비아이스튜디오,경기도 부천시  심곡동 351-2 지하 1층,37.4871,126.7754,1
랑주얼리,서울특별시 노원구 공릉동 593-3,37.623388,127.08085,1
낭만수산,경기 김포시 풍무동 187-1 1층,,,1
돈카와치 성신여대역점,서울특별시 성북구 동선동1가 121-20,37.5932,127.0186,1
세광양대창 논현점,서울특별시 강남구 논현동 183,37.506203,127.024658,1
교대이층집 시청점,서울특별시 중구 북창동 60 2층 ~ 4층,37.562797,126.977409,1
교대이층집 상암점,서울특별시 마포구 상암동 15-29 상암빌딩 2층,37.577027,126.894714,1
사생활 동래점,부산광역시 동래구 사직동 141-7 A동 2층,0,0,1
올드머그,부산광역시 해운대구 송정동 810-1,35.1704,129.1971,1
HIDE 방배,서울특별시 서초구 방배동 777-6,0,0,1
포토시즈,부산광역시 해운대구 우동 639-6 3층,35.1623,129.157,1
에스프레소바 투또톤토,서울특별시 광진구 화양동 5-3,0,0,1
그림플러스 롯데백화점수원점,경기도 수원시 권선구 서둔동 381 롯데백화점 수원점 5층,0,0,1
한강뮤지엄,경기도 남양주시 팔당리 784,37.5534,127.2367,1
빠네돌체,서울특별시 마포구 마포동 388-5,37.5357,126.9444,1
더브런치하우스 (카페),부산광역시 사하구 하단동 504-10,35.109683,128.965036,1
더브런치하우스 (펍),부산광역시 사하구 하단동 504-10,35.109683,128.965036,1
칙바이칙 선릉역점,서울특별시 강남구 역삼동 696-36 유림빌딩 1층,0,0,1
공샤브,서울특별시 종로구 종로1가 24,37.5708,126.9799,1
애월연어 연남점,서울특별시 마포구 연남동 387-9,37.562745,126.925691,1
곤지암리조트스파라스파,경기도 광주시 도웅리 534,37.3369,37.3369,1
곤지암루지360,경기도 광주시 도웅리 534,37.337533,127.292352,1
그로잉라운지,인천광역시 서구 석남동 579-3 2층,37.499435,126.672213,1
청담해정,서울 강남구 청담동 120-5 1층 & 2층,37.52507,127.048809,1
불타는조개구이&회,경기도 의정부시 신곡동 676-3,0,0,1
가배랑솜 인사동 카페,서울특별시 종로구 관훈동 192-35,37.5736,126.9852,1
1984나폴리 동래직영점,부산광역시 동래구 온천동 772-3,35.21158,129.075101,1
아로마포레스트 광주점,광주광역시 북구 오룡동 1110-22 B동 1층 145호,0,0,1
참치학교 강동점,"서울특별시 강동구 길동 431 동광타워 1층, 2층",0,0,1
티유치과의원,서울특별시 서초구 서초동 1303-37 서초 더블유타워 12층,,,1
미스터힐링 롯데시네마 평촌범계역점,경기도 안양시 동안구 호계동 1039 롯데시네마 8,0,0,1
미스터힐링 춘천석사점,"강원도 춘천시 퇴계농공로 19 ,1동 2층 204호",0,0,1
1992 덮밥&짜글이 강남본점,서울특별시 강남구 역삼동 826-3,0,0,1
레드빅,경기도 용인시 수지구 풍덕천동 658-1,37.327491,127.097119,1
원투스픽 구름이야기스터디,서울특별시 마포구 동교동 205-5 B1층,0,0,1
냅다청양집 노량진점,서울 동작구 노량진동 126-14,,,1
소로소로 터프팅 공방,서울특별시 마포구 망원동 479-10,0,0,1
유메 스튜디오,광주광역시 동구 계림동 725,35.1644,126.9161,1
어반피크닉,광주광역시 광산구 쌍암동 664-5,35.2216,126.8444,1
한나의키친,광주광역시 남구 임암동 809,0,0,1
프롬더어스,경기도 과천시 별양동 1-6,0,0,1
댕댕냥냥 시흥점,경기도 시흥시 정왕동 1742-12 3,0,0,1
댕댕냥냥 부천점,경기도 부천시 심곡동 174-6 3층,0,0,1
카페써밋,경기도 성남시 분당구 정자동 219-3 리더스프라자 5층,0,0,1
마사 타코,서울특별시 강남구 신사동 524-29,,,1
프로니 froni,서울특별시 서대문구 창천동 31-17 B1층,37.554,0,1
삼원갤러리,서울특별시 광진구 중곡동 649-6 G-TOWER 5층,37.557597,127.079323,1
꾼기스튜디오 목공방,경기도 안산시 상록구 사동 1155-10 B1층,0,0,1
스밈,서울특별시 강서구 마곡동 800-15 5층 503호,37.5578,126.8307,1
본타이 잠실새내역점,서울특별시 송파구 잠실동 186-13 2층,,,1
해랑스튜디오,부산광역시 사하구 하단동 496-15,0,0,1
베데스다 봉선점,광주광역시 남구 봉선동 148-1 무등 4차 아파트 상가,0,0,1
마리포사 스테인드글라스,서울특별시 용산구 용산동2가 1-1554,37.5456,126.9817,1
프롬멜팅 뜨개공방,광주광역시 북구 풍향동 671,0,0,1
샐러드로우&트라타 사가정점,서울 중랑구 면목동 472-55,0,0,1
리얼타겟사격장,안산시 단원구 고잔동 535-1 신양프라자 11층,0,0,1
마랑버거,서울특별시 마포구 구수동 68-12,0,0,1
버터빌,부산광시 부산진구 전포동 357-54,0,0,1
흑백셀프사진관 포토맨션,경기도 수원시 영통구 하동 1016 광교효성해링턴 타워 A동 1614호,0,0,1
라미니팅,광주광역시 광산구 월곡동 505-3 찬누리빌,0,0,1
아우비카페,광주광역시 동구 계림동 578-10,0,0,1
환희 대학로점,서울특별시 종로구 명륜4가 66-3 하얀 철문 안쪽 문 2층,0,0,1
레이어스 호텔,부산광역시 사하구 하단동 525-4,35.106605,128.964383,1
쏭타이치앙마이 마곡직영점,서울특별시 강서구 마곡동 796-3 마곡사이언스타워 1층,0,0,1
라면편의점,서울특별시 종로구 관수동 67-1,,,1
와인코르크 강남점,서울특별시 강남구 역삼동 619-26 3층,0,0,1
퍼플독 송파본점,서울특별시 송파구 석촌동 273-5,37.5007,127.1067,1
해수향당,서울특별시 마포구 상수동 327-7,37.5446,126.9228,1
브릭레인버거,서울특별시 중구 흥인동 31,0,0,1
주심,부산광역시 부산진구 전포동 202-10 B1층,0,0,1
키퍼스마켓 매봉점,서울특별시 강남구 도곡동 422-4,37.4846,127.0464,1
한길비스트로,서울특별시 마포구 합정동 413-5 A동 2층,0,0,1
사심초밥,부산광역시 부산진구 전포동 663-6,0,0,1
쁘띠따쁘띠,서울특별시 송파구 송파동 135-2,0,0,1
공방또각,광주광역시 북구 용봉동 160-1 3층,0,0,1
구캔 갤러리 : 구독하는 캔버스,서울 구로구 신도림동 337 푸르지오 1차 101동 306호,37.509003,126.88711,1
크로스타커피,경기도 성남시 수정구 창곡동 562-1,37.4652,127.1399,1
유니온픽처스,서울특별시 강남구 청담동 86 B2,37.628104,127.090438,1
달그림 드로잉갤러리카페,경기도 수원시 팔달구 중동 11-1,37.2744,127.0158,1
퓨링크,부산광역시 부산진구 전포동 354-41,35.1518,129.0674,1
냥까스,부산광역시 금정구 남산동 122-14,35.2648,129.0905,1
카페 콥프 kobp,광주광역시 북구 신안동 482-35,25.1707,126.8979,1
아키나이 제면,서울특별시 중구 명동2가 89,0,0,1
칙바이칙 학동역점,서울특별시 강남구 논현동 88-8,37.5147,127.0323,1
이또이스시,부산광역시 부산진구 전포동 357-91,35.1523,129.068,1
신디도넛,경기도 안산시 상록구 사동 1563-3,37.3017,126.838,1
에이디샵,광주광역시 동구 지산동 675-12,0,0,1
38랩,서울특별시 성동구 성수동1가 685-409 3층,0,0,1
행궁동 턴바,경기도 수원시 팔달구 팔달로3가 102-7 B1층,0,0,1
오색탄산온천,강원도 양양군 서면 오색리 511 오색그린야드호텔,0,0,1
카이만커피,부산광역시 부산진구 전포동 664-9,35.1588,129.0642,1
차콜159,경기도 남양주시 팔당리 337-1,37.5443,127.2482,1
보배반점 광주상무점,광주광역시 서구 치평동 1184-2,35.1545,126.8478,1
삼칠오그램,경기도 용인시 기흥구 보정동 1266-1 140호,0,0,1
언구비육회 신논현직영점,서울특별시 서초구 반포동 739-2 에덴빌딩 1층 102호,0,0,1
오베르 아트 스튜디오,"광주광역시 광산구 신가동 1080, 301호",35.185011,126.826332,1
루프독스 카페펍,경기 수원시 팔달로3가 94-2 정율빌딩 3층 루프독스 301호,37.2769,127.0161,1
인투셀 두피탈모 케어 솔루션,서울 송파구 장지동 884 위례2차아이파크 앨리웨이위례 상가1동 A212,,,1
리체드로잉,"서울특별시 마포구 서교동 369-17, 1층",37.552527,126.920363,1
미육 마린시티 직영점,부산광역시 해운대구 우동 1435 상가동 132호,0,0,1
엑성프로방스카페,경기도 성남시 분당구 정자동 16-2 2층,0,0,1
만지작클래스&퍼스널컬러,인천광역시 연수구 송도동 29-8 송도씨워크 인테라스한라 C동 2516호,0,0,1
자유아로마,서울특별시 금천구 시흥동 918-19 B1층,37.450065,126.908282,1
부산요트투어 이디엠,부산광역시 해운대구 우동 1393 2-19-B선석,35.158567,129.140853,1
쥬라리움 울산점,"울산광역시 중구 우정동 529 2, 3층",35.565057,129.310865,1
쥬라리움 세종점,세종 대평동 694,36.4715,127.2765,1
하이브패밀리테마파크,경기 용인시 기흥구 구갈동 660 AK프라자 6층 하이브패밀리테마파,0,0,1
휘닉스평창 스노우파크,강원도 평창군 봉평면 면온리 1095-1,37.580895,128.329708,1
보드게임 한 판,서울 중랑구 상봉동 74-6,0,0,1
시스올로지 홍대쇼룸,서울특별시 마포구 서교동 360-12,,,1
카쿠시타,서울특별시 마포구 연남동 390-30,37.5618,126.9261,1
마라의신 길동점,서울 강동구 길동 412-8,0,0,1
캠핑스팟,경기도 시흥시 대야동 305-13,0,0,1
일야 고잔점,경기도 안산시 단원구 고잔동 709-4 황금프라자 113호,,,1
고향카츠 광안점,"부산광역시 수영구 광안동 182-16 106호, 107호",0,0,1
화씨이육공 사당점,서울특별시 서초구 방배동 450-27,,,1
롸버트치킨 성수점,서울특별시 성동구 성수동2가 280-6 생각공장데시앙플렉스 1층 120호,0,0,1
우주연해독연구소 by 휴족시간,서울특별시 종로구 종로3가 18 대광프라자 3층,0,0,1
거북이의주방,서울 마포구 노고산동 31-50 지하 1층,0,0,1
계담다,"서울 마포구 연남동 384-8 지1층, 1",0,0,1
트라타 건국대점,서울특별시 광진구 자양동 226-6,0,0,1
연놈 왁싱,서울특별시 성동구 행당동 12-8 3층,,,1
그라운드 플로어,서울 강북구 미아동 206-16,0,0,1
코코샌드,서울 마포구 동교동 148-7 2층,0,0,1
주이이피다,서울 마포구 성산동 20-7 101호,,,1
화이트글래스,서울특별시 성동구 성수동1가 13-209 서울숲에이원센터,37.549465,127.050365,1
맘보바리스타제과제빵학원 일산지점,경기도 일산동구 장항동 855 4층 404호,37.6567,126.7731,1
맘보바리스타제과제빵학원 홍대지점,서울 마포구 서교동 355-2 3층,0,0,1
AMUMO 아무모 라온스튜디오,서울특별시 종로구 행촌동 171-1 102호 AMUMO 1층. 대신고 정문 옆,0,0,1
오술차 서현점,경기도 성남시 분당구 서현동 247-3,37.3859,127.125,1
센트위키,서울특별시 마포구 서교동 475-5,0,0,1
연남 이제,"서울특별시 마포구 연남동 228-34, 1",0,0,1
화양그린,서울특별시 광진구 화양동 29-26 6층,0,0,1
니즈원카페 부평 청천점,인천광역 부평구 청천동 386 아이즈빌 1동 2층,0,0,1
리틀쿠바 현대백화점유플렉스신촌점,서울특별시 서대문구 창천동 30-1 현대백화점 유플렉스 11층,0,0,1
더스테이크쥬벤쿠바,서울특별시 마포구 연남동 390-26 4층 (1층에서 엘리베이터 이용),37.56547,126.922024,1
거북이의 꿈,서울특별시 마포구 연남동 387-31 B1층,0,0,1
피쉬쥬 낚시카페,서울특별시 강서구 화곡동 339-15 B1층,0,0,1
바대논 101 제빵소,경기도 의정부시 고산동 970-5,37.59102,126.987918,1
entry55,서울특별시 동작구 사당동 1041-12 B1층,,,1
오오도리 ODORI,서울특별시 용산구 이태원동 627,37.539102,126.987918,1
박선생헤드스파,서울특별시 중구 충무로2가 61-9 재성빌딩 4층,37.56173,126.987823,1
모리노아사,서울특별시 중구 충무로2가 61-9 5층,0,0,1
원마운트 스노우파크,경기도 고양시 일산서구 대화동 2606,0,0,1
묘해,서울특별시 송파구 문정동 618 파크하비오 104동 109호,0,0,1
휘닉스평창 스노우빌리지 눈썰매장,강원도 평창군 봉평면 면온리 1095-1,0,0,1
손맛,서울특별시 용산구 갈월동 7-56,0,0,1
비스트로오스틴,서울특별시 관악구 봉천동 1628-16,37.4774,126.9603,1
나를만나다,대구광역시 수성구 상동 24-4,0,0,1
달동네알라,부산광역시 영도구 신선동3가 127-3,0,0,1
카페2.7,서울특별시 송파구 석촌동 58-24,37.5044,127.1016,1
어반플랜트 수영점,부산 수영구 수영동 238-1,0,0,1
어반플랜트 명동,서울특별시 중구 충무로1가 21-17 르메르디앙 서울 명동 1층,0,0,1
옐로트렁크,서울특별시 강남구 대치동 943-9 명진빌딩 1층,37.506374,127.058502,1
무인 셀프스튜디오 힙포토,"서울특별시 강남구 논현동 34-24 3층, 303호",0,0,1
레이저아레나 동성로점,대구 중구 공평동 16-11,0,0,1
브런치빈 경기광주점,경기도 광주시 역동 340-4 2층,0,0,1
범상,인천광역시 송도동 8-21 송도타임스페이스 D동 103호,0,0,1
시소조개구이 본점,부산광역시 신호동 220-7 2층,0,0,1
오산버드파크,경기도 오산시 오산동 915 오산시청 1~4층,0,0,1
모멘트어스 스튜디오,인천광역시 연수구 송도동 171 2층 214호,0,0,1
르카페 LE CAFE,서울특별시 강남구 신사동 536-19,37.519,127.0228,1
흑백셀프사진관 남김,인천광역시 남동구 논현동 678-2 제일타워 5층,37.399991,126.736417,1
러브뮤직,서울특별시 강남구 논현동 237-5 203호,0,0,1
오술차 강남역점,서울특별시 강남구 역삼동 809-2,0,0,1
오술차 부천역점,경기도 부천시 심곡동 380-3 1층,37.4445,126.7037,1
오술차 건대점,서울특별시 광진구 화양동 48-31,37.5414,127.0678,1
N서울타워 & 제일제면소,서울특별시 용산구 용산동2가 산1-3 N서울타워 전망대 광장층,37.55122,126.988219,1
메가박스 전국,메가박스 전국 지점,0,0,1
류은,"경기도 수원시 팔달구 신풍동 101-2 1, 2층",,,1
러블리 포터리,경기도 시흥시 배곧동 215 아브뉴프랑 오렌지동 3층 314호,0,0,1
프롬얀,인천광역시 중구 북성동2가 10-23 1층,0,0,1
히든스페이스,서울특별시 강북구 번동 417-25  B1층,0,0,1
스탠바이,서울특별시 신문로2가 171,0,0,1
야미카츠 파미어스몰 판교점,경기 성남시 수정구 시흥동 285-2 파미어스몰 기업지원허브상가동 106호,0,0,1
코쿠씨,부산 부산진구 전포동 671-12 1A호,0,0,1
뷰티풀캐리커쳐 연남1호,서울특별시 마포구 연남동 390-34 B1층 1호,0,0,1
부산캐리커쳐연합 캐리월드 부산감천마을점,부산광역시 사하구 감천동 6-3 상가 2호,0,0,1
삼삼뼈국,서울특별시 동대문구 휘경동 192-5 C동 1층,0,0,1
"핏닥 , 핏닭",서울특별시 마포구 도화동 555 마포한화오벨리스크 B1층 134호,0,0,1
해피커피 가산본점,서울특별시 구로구 가리봉동 124-33 해피빌딩 2층,0,0,1
해피커피 문래창작촌점,"서울특별시 영등포구 문래동2가 14-13 1, 2, 3층",0,0,1
청담나인,"서울특별시 강남구 삼성동 65-5 B1층, B2층",,,1
세렌아토,서울특별시 강서구 마곡동 774-8 장흥빌딩 7층 10호,0,0,1
터틀스톤,부산광역시 부산진구 전포동 356-28,0,0,1
익선힐링타로포유&뷰티풀캐리커쳐 익선동점,서울특별시 종로구 익선동 161-2,37.57324,126.990588,1
조프로테니스아카데미,경기도 남양주시 별내동 558-91,0,0,1
플레이스콤마,서울특별시 강서구 오쇠동 152-3,0,0,1
해피커피 당산생각공장점,서울특별시 영등포구 당산동1가 459 1층 B115호,0,0,1
남양주펜싱클럽,경기도 남양주시 금곡동 434-10 2층,0,0,1
뷰티풀캐리커쳐 롯데아쿠아리움점,"서울특별시 송파구 신천동 29 롯데월드타워 B2층, 119층 아쿠아리움 캐리커쳐 부스",0,0,1
신사우물갈비 배방직영점,충청남도 아산시 공수리 1600,36.7767,127.0565,1
씨에스타 문현점,부산광역시 남구 문현동 359-5 세종의원 3층,0,0,1
허니 안산점,경기 안산시 단원구 고잔동 539-18 407호,0,0,1
맘보바리스타제과제빵학원 청주지점,충북 청주시 서원구 사창동 171-19 1층,0,0,1
맘보바리스타제과제빵학원 수원지점,경기 수원시 팔달구 인계동 1046-19 3,0,0,1
맘보바리스타제과제빵학원 안산지점,경기 안산시 단원구 고잔동 535-1 신양복합빌딩 2층,0,0,1
맘보바리스타제과제빵학원 분당지점,경기 성남시 분당구 서현동 273-2 대현빌딩 5층,0,0,1
맘보바리스타제과제빵학원 부천지점,경기 부천시 상동 544-4 가나베스트 808호,0,0,1
맘보바리스타제과제빵학원 대구지점,대구 중구 봉산동 50 504호,35.864693,128.594795,1
슬로 김포,경기 김포시 운양동 1326-8 1동 102호,0,0,1
메가박스 더 부티크 목동현대백화점,서울특별시 양천구 목동 916,0,0,1
메가박스 포항,경상북도 포항시 남구 상도동 582 밸류플러스 7층,0,0,1
MORE MANY MORE,서울특별시 강남구 청담동 18-26,0,0,1
Get That Shot 롯데백화점영등포점,서울특별시 영등포구 영등포동 618-496 롯데백화점영등포점 1층,37.5155,126.9067,1
오프닛 NC백화점 강서점,서울특별시 강서구 등촌동 689 10층,0,0,1
미미스지당,부산광역시 부산진구 부전동 168-367 2층,0,0,1
금복주류 수유점,서울특별시 강북구 수유동 224-15 현대크리스탈 2층,0,0,1
셰익스BEER,서울특별 종로구 관철동 7-21,0,0,1
오렌지디스트릭트,서울특별시 송파구 문정동 82-6 2층,0,0,1
맥시멈래쉬&왁싱&브로우바,서울특별시 강남구 논현동 181-7 2층,0,0,1
실로터프팅공방,경기도 군포시 산본동 1135-1 4층 404호,37.359195,126.931745,1
일선 인계점,경기도 수원시 팔달구 인계동 1032-8 2층,37.265247,127.030024,1
피토테일,서울특별시 용산구 한남동 732-191 103호,37.5332,126.9991,1
언플러그드 신촌점,서울특별시 서대문구 창천동 30-1 유플렉스 11층,37.5567,126.9365,1
신사우물갈비 불당본점,충청남도 천안시 서북구 불당동 1531 에이블타워2 1층,36.8173,127.1087,1
스키당,서울특별시 마포구 대흥동 241-26 2층,0,0,1
먼셀커피 서래마을점,서울특별시 서초구 반포동 72-9,0,0,1
더차돌 산본점,경기 군포시 산본동 1129 103호,0,0,1
샐러드마비에,부산광역시 부산진구 전포동 689-42,0,0,1
세도믹 오브제,인천광역시 연수구 송도동 8-21 송도타임스페이스 D동 203호,0,0,1
리두부로,서울특별시 서초구 원지동 374-1,37.4473,127.0557,1
힐링철학원 홍대사주,서울특별시 마포구 노고산동 107-17 우정마샹스오피스텔 2층,0,0,1
더차돌 과천본점,경기 과천시 과천동 140-25,0,0,1
케어마인 합정점,서울특별시 마포구 서교동 490 2층 208호,0,0,1
퍼스널컬러리스타 부천본점,경기 부천시 상동 464 10층 1003호,0,0,1
달리181 홍대점,서울특별시 마포구 서교동 358-49 1.5층,0,0,1
애월연어 광교점,경기도 수원시 영통구 하동 986-5 1층,0,0,1
오십오,서울특별시 송파구 송파동 189-10 1층 101호,0,0,1
예쁜선물 만들기놀이가게 일산점,경기 고양시 일산동구 장항동 863-1 드림월드빌딩 201호,0,0,1
테이블그라운드 강남점,서울특별시 강남구 역삼동 819 케이스퀘어 B1,0,0,1
로코페페,서울특별시 종로구 평동 233 3159호,0,0,1
오도구,서울특별시 영등포구 문래동4가 9-5 1층,0,0,1
스페이스본휘트니스센터,서울특별시 종로구 사직동 9 풍림스페이스본상가 B2층,0,0,1
웨버 바베큐클럽 강남,서울특별시 강남구 역삼동 785-16,0,0,1
영동골방,서울특별시 중구 필동3가 37-1 1층,0,0,1
무노 베이커리,경기도 남양주시 별내동 860-1,37.665549,127.119851,1
엠피컬러 퍼스널컬러진단&메이크업,경기도 하남시 망월동 1093-1 푸르지오시티A동 A-203호,0,0,1
초초공방,서울특별시 은평구 불광동 8-84 B1층 2호,0,0,1
금관화로 명지국제신도시점,부산광역시 강서구 명지동 3576-9,0,0,1
다옴383,서울특별시 마포구 연남동 383-44 반지층 북쪽,0,0,1
카페 미엔느,부산광역시 금정구 장전동 417-11 2층,0,0,1
14일동안 광주상무점,광주광역시 서구 치평동 1220-3 영무예다음 상가 3층,0,0,1
Lounge OIC,광주광역시 광산구 월계동 882-1 포플레이첨단,35.215451,126.848337,1
코리아요리아트아카데미학원 인천지점,인천광역시 부평구 부평동 194-23 프라이디움빌딩 16층,0,0,1
감자커피,"광주광역시 동구 금동 181-5 1층, 2층",0,0,1
이츠로바,서울특별시 강남구 삼성동 159-7 현대백화점 무역센터점 10층,0,0,1
칫쵸,서울특별시 서초구 방배동 797-8 테라스빌딩 2층,37.493764,126.992365,1
레이지데이즈,경기 구리시 교문동 487-3,0,0,1
니지모리스튜디오,경기 동두천시 탑동동 885-12,0,0,1
로디어,경기도 구리시 수택동 382-3,37.5994,127.1384,1
더오브센트 이은,서울특별시 강동구 성내동 434-48,0,0,1
스머프 매직 포레스트,서울특별시 강남구역삼동 616-14 B1층,0,0,1
뜨리에이치,서울특별시 성동구 성수동1가 661-4 3층,0,0,1
아란포차 신논현점,서울특별시 강남구 논현동 166-3 B1층,0,0,1
이로공방,경기도 부천시 중동 1168 디아뜨 1차 A동 7층,0,0,1
나루스시,서울특별시 송파구 신천동 11-4 잠실푸르지오 월드마크 B1층 37호,0,0,1
덴키,서울특별시 강남구 도곡동 417-5 1층,0,0,1
모센즈스위트 성수점,서울특별시 성동구 성수동2가 339-137 1층,0,0,1
바이포드,경기 용인시 처인구 역북동 768-1 1층,0,0,1
더바디스 송도해돋이로점,인천광역시 연수구 송도동 22-9 인피니티타워 702호,0,0,1
호랑이흥취,서울특별시 강북구 번동 417-16,37.6385,127.0277,1
댕크야드 Dankyard,경기 하남시 망월동 1102 3층 310-1호,0,0,1
숲속북카페 pet friendly,부산광역 부산진구 범전동 200,0,0,1
원피스 수택동점,경기도 구리시 수택동 380-4 2층,0,0,1
교복몰 부산롯데월드점,부산광역시 기장군 기장읍 시랑리 산46 미식일상 1층 103호,0,0,1
목동 파티룸 샐빛,서울특별시 양천구 신정동 943-2 2층 1호,0,0,1
여덟아홉,서울특별시 동작구 흑석동 9-27 3층,0,0,1
해리단길 스파이,부산광역시 해운대구 우동 433-1 1층,0,0,1
빛의라운지 워커힐지점,서울특별시 광진구 광장동 22-1 워커힐호텔 B1층,0,0,1
미션탐험대,서울특별시 종로구 예지동 2-1,,,1
207FEET,경기 파주시 조리읍 능안리 95-14,0,0,1
유니드마이요거트,서울특별시 마포구 연남동 241-59,0,0,1
해머플레이스,서울특별시 마포구 합정동 355-7,0,0,1
항구동,경기 고양시 행신동 761-6,0,0,1
씨케이브,서울특별시 서대문구 연희동 188-79,0,0,1
어글리프로젝트,서울특별시 종로구 관훈동 192-15 인사동 마루 1층,0,0,1
만지다 성수점,서울특별시 성동구 성수동1가 656-518 송원빌딩 302호(좌측 문),0,0,1
성수옥상,서울특별시 성동구 성수동2가 272-35 4층,0,0,1
수원피크닉,경기도 수원시 영통구 하동 1026-1 광교호수공원,37.262905,127.079622,1
오츠마미,서울특별시 강남구 신사동 631-32 1층,37.523164,127.034886,1
13.Jul,서울특별시 마포구 서교동 411-9 B1층,0,0,1
게임파티룸 생텀 강남점,서울특별시 서초구 잠원동 36-29 B1층,,,1
마마스토리,서울특별시 종로구 부암동 208-37 1층,0,0,1
심풀,서울특별시 강남구 논현동 77-2 B1층,0,0,1
슈퍼스매시버거스,서울특별시 서대문구 대현동 60-11 신촌 박스퀘어 2층,37.5578,126.9437,1
아트클로버,서울특별시 마포구 연남동 239-49,0,0,1
음 이터리,서울특별 강남구 도곡동 420-14,0,0,1
풍자네부엌,"서울특별시 강동구 성내동 429-2 1층 내 22, 23호",,,1
아리한복,서울특별시 종로구 통의동 67-2 3층,37.577758,126.972294,1
대단한포차 용인동백맛집점,용인시 기흥구 중동 832-1 훼미리프라자 1 201호,37.2772,127.1526,1
성수로운,"서울특별시 성동구 성수동2가 289-4 1층, 쇼핑센터 내 우체국 맞은편",37.547488,127.05548,1
큐리오소,경기도 화성시 방교동 755-10 1층 101호,0,0,1
카페하임 구의점,서울특별시 광진구 구의동 29-10 2층,0,0,1
익선취향,서울특별시 종로구 익선동 166-70 1층,0,0,1
미담 휴,경기도 성남시 분당구 정자동 158-5 우경빌딩 2층,37.364686,127.106767,1
블랙스타타로카페,"부산광역시 부산진구 전포동 663-5 1, 2층",0,0,1
건파워 안산서바이벌센터,경기도 안산시 단원구 선부동 1086 롯데마트 4층,0,0,1
씨에스제이커피 서울새활용플라자점,서울특별시 성동구 용답동 250-14 서울디자인재단 새활용플라자 3층,0,0,1
챠밍아틀리에 퍼스널컬러&메이크업,서울특별시 강북구 번동 446-13 15층 1516호,0,0,1
리벨리홍 유리공방/유리소품,서울특별 양천구 신정동 890-29 1층,0,0,1
미나리삼겹살 본점,서울특별시 관악구 신림동 1428-20,37.487769,126.929244,1
LSD SEOUL,서울특별시 용산구 이태원동 63-11,37.533455,126.991117,1
나무의자 라이브카페,부산광역시 해운대구 좌동 897-4 2,0,0,1
디그이지,서울특별시 마포구 연남동 239-51,37.564,126.9235,1
메종브레첼,경기 성남시 수정구 태평동 7068,0,0,1
페를리,부산광역시 사하구 다대동 93-10,35.06876992,128.9790213,1
오십사,부산광역시 부산진구 부전동 199 대한프라자,0,0,1
무식당 방이점,서울특별시 송파구 방이동 46-2 101호,0,0,1
무무도,경상남도 양산시 용당동 132-36,0,0,1
노블테니스아카데미,인천광역시 남동구 논현동 746-5 8층 802호,0,0,1
고우성수 성수동,서울특별시 성동구 성수동2가 301-52 2층,37.543916,127.05074,1
바람 라운지,경기도 수원시 팔달구 인계동 1031-16 B1층,37.264983,127.029632,1
마이미마,경기 수원시 팔달구 신풍동 24 1,37.28532,127.014519,1
카츄마마,경기 성남시 분당구 정자동 166-2 엠코헤리츠 3단지 113호,37.362064,127.106357,1
레인보우포차,서울특별시 중구 을지로6가 18-74 2층,0,0,1
아키나이 제면 왕십리점,서울특별시 성동구 행당동 168-151 푸드코트몰 4층,0,0,1
더바디스 검단신도시점,인천광역시 서구 원당동 1030-6,0,0,1
스시노칸도 미금역점,경기 성남시 분당구 구미동 9-1 분당엠코헤리츠 2층,37.34939381,127.1082613,1
따봉브라질,서울특별시 용산구 이태원동 131-40 한신빌딩 2층,0,0,1
사유의서재 남산,서울특별시 중구 남산동2가 13-1 3층,37.559645,126.985821,1
아파스타먼,서울특별시 성동구 성수동1가 656-482 2.5층,37.546719,157.045618,1
심원,서울특별시 마포구 연남동 241-74 2층,0,0,1
파티룸저스트컴 부평점,인천광역시 부평구 부평동 201-120 4층,0,0,1
미드타운 볼,부산광역시 수영구 민락동 173-14,0,0,1
프리드로잉 연남,서울특별시 마포구 연남동 244-22,0,0,1
한라맥주 서울연신내점,서울특별시 은평구 갈현동 400-3,37.6195,126.919,1
어텐디 북촌,서울특별시 종로구 계동 99-12,0,0,1
어텐디 한남,서울특별시 용산구 한남동 727-21,37.5396,127.003,1
키키,서울특별시 강동구 명일동 305-47 B1층,0,0,1
카페 어텐디,서울 동대문구 왕산로 110 용두동 712-5,0,0,1
테니스나우 광명점,경기도 광명시 하안동 33-3 세일빌딩 10층,0,0,1
우부래도,서울특별시 동작구 상도1동 666-3,0,0,1
시모네,서울특별시 마포구 연남동 241-74 1층,0,0,1
예술 의정부점,경기도 의정부시 의정부동 131-7 1층,37.737483,127.050132,1
아차,서울특별시 광진구 구의동 73-20,0,0,1
서당의달,경기도 부천시 심곡동 378-27 4층,0,0,1
파미에소,경기도 용인시 처인구 포곡읍 마성리 52,0,0,1
무식당 성수본점,서울특별시 성동구 성수동1가 656-1042,0,0,1
월에버,서울특별시 마포구 연남동 223-28,37.565275,126.924829,1
일공공샤브 강서마곡점,서울특별시 강서구 마곡동 774-4 2층 208호,0,0,1
부천FC1995,경기도 부천시 춘의동 8,37.502578,126.798946,1
이크루즈 (낮),서울특별시 영등포구 여의도동 85-1 여의도 이크루즈 선착장,0,0,1
이크루즈 (밤),서울특별시 영등포구 여의도동 85-1  여의도 이크루즈 선착장,0,0,1
PITC,서울특별시 마포구 성산동 208-13,37.56117,126.916296,1
후암주방,서울특별시 용산구 후암동 114-38,,,1
K현대미술관 이상한 나라의 괴짜들전,서울특별시 강남구 신사동 666-7,37.524302,127.039049,1
봉구가래떡볶이 홍대점,서울특별시 마포구 상수동 93-86 1층,0,0,1
코우게츠,경기도 하남시 망월동 1100 랑파사쥬 1층 1040호,0,0,1
흠커피 HCR,경기도 하남시 춘궁동 494-3,0,0,1
Self Studio 씨잌,서울특별시 강남구 신사동 525-12,0,0,1
온샐러드 앤 포케,서울특별시 마포구 성산동 591-6,0,0,1
반지야놀자 홍대점,서울특별시 마포구 서교동 403-4 4층,0,0,1
팔각도 연신내역점,서울특별시 은평구 갈현동 400-18 1층,37.619642,126.918777,1
미태리 문래점,서울특별시 영등포구 문래동3가 84-2 2층 204호,0,0,1
쿤댕,서울특별시 마포구 연남동 382-18 2층,0,0,1
심연화실,경기도 부천시 중동 1143-4 워크리움 6층 6151호,0,0,1
슈니플라워공방,부산광역시 해운대구 반여동 920-3 2층,35.20708,129.123757,1
제6알쌈,부산광역시 영도구 영선동1가 35-3 1층,0,0,1
프리다 화실,서울특별시 강남구 논현동 81-10 신창빌딩 2층,0,0,1
라온,서울특별시 마포구 연남동 387-3 반지층,0,0,1
말론하우스,서울특별시 영등포구 양평동5가 55-1 1층,0,0,1
코드로 파라다이스 압구정로데오,서울특별 강남구 신사동 636-14 라이프빌딩 1층,0,0,1
털보네쪽갈비,서울특별시 강북구 미아동 55-52,37.6125,127.0319,1
디오리엔탈스파,서울특별시 강남구 신사동 550-1 원영빌딩 4층,37.5238,127.0234,1
런던베이커리,경기 고양시 일산동구 정발산동 1131,37.67444987,126.77811,1
앤아더,경기 구리시 교문동 637-8,0,0,1
비노비누,서울특별시 서대문구 남가좌동 152-35 2층,37.5700426,126.9162077,1
복자상회포차,서울특별시 영등포구 신길동 222-4,,,1
미도인 부평,인천광역시 부평구 부평동 201-40,0,0,1
어라운드,경기 고양시 일산동구 정발산동 706-1,37.6658,126.7723,1
반지마을 부평점,인천광역시 부평구 갈산동 94 A동 S514호,0,0,1
올랑시스,경기도 시흥시 군자동 793-2 1층,0,0,1
브레이크인커피 기장,부산광역시 기장군 기장읍 동부리 125-3,0,0,1
치스타 강남점,서울특별시 강남구 역삼동 810-9 B1층,0,0,1
슈리트제과제빵학원,경기도 파주시 야당동 1083 유은타워7차 A동 718호,0,0,1
브레이크인커피,부산광역시 기장군 정관읍 용수리 382-1,0,0,1
화정by카쿠시타 신세계백화점본점신관점,서울특별시 중구 충무로1가 52-5 신세계백화점본점 신관,0,0,1
애니팝 24시간 보드게임 & 만화카페,서울특별시 강남구 대치동 950-1 B1층,0,0,1
플랜온 율하,경상남도 김해시 율하동 1313-10 1층,0,0,1
코리아요리아트아카데미학원 홍대지점,서울특별시 마포구 동교동 159-1 상진빌딩 15층,0,0,1
다니소바,경기도 의왕시 삼동 745 더리브비즈원 2동 1층,0,0,1
달래고통닭,서울특별시 강서구 마곡동 797-1 퀸즈파크나인1층 115호,0,0,1
플루엣 : 루프탑 베이커리 카페,"서울특별시 송파구 문정동 42-6 1층, 7",0,0,1
벨라테라피,서울특별시 마포구 서교동 356-1 6층,37.5544,126.9221,1
홍대향수공방 뤼미에르퍼퓸 홍대,서울특별시 마포구 연남동 373-10 2층,37.5607822,126.9234964,1
홍대향수공방 뤼미에르퍼퓸 연남,서울특별시 마포구 연남동 373-10 3층,37.5607822,126.9234964,1
댕댕이카페,인천광역시 미추홀구 주안동 157-14 4층,37.46165717,126.6813863,1
채움 다이닝 구월점,인천광역시 남동구 구월동 1451-3 태광프라자 103호,37.4468,127.7035,1
강남향수공방 닷노트,서울특별시 강남구 역삼동 813-10 B1층,0,0,1
고양이네생선가게,경기 수원시 팔달구 매산로2가 27-13 민토빌딩 6층,0,0,1
블리스버거 고촌점,경기도 김포시 신곡리 543-41,,,1
판나 전포동점,부산광역시 부산진구 전포동 685-1 2층,0,0,1
성수향수공방 뤼미에르퍼퓸 성수,서울특별시 성동구 성수동2가 315-56 원창실업 나동 301호,37.5427587,127.055043,1
캘리포니아 도넛클럽 송도점,인천광역시 연수구 송도동 19-1 203동 1층 140호,0,0,1
히든조커 홀덤 라운지펍,서울특별시 관악구 남현동 1060-2 5층,0,0,1
혜화 파티룸 코지트,서울특별시 종로구 명륜4가 188-24 4층,0,0,1
반고흐 인 서울,서울특별시 마포구 서교동 358-121 B1층,0,0,1
뽁식당 부평점,"인천광역시 부평구 부평동 193-70 1, 2층",0,0,1
리우 메이크업 by 성수,서울특별시 성동구 성수동2가 301-13 B1층 B101호,0,0,1
K SPOT 수국전망대 카페,서울특별시 중구 남대문로5가 67-4 서울로7017 육교 위 2층,,,1
아로마포레스트 부천소풍점,경기도 부천시 상동 539-1 뉴코아아울렛 7층,37.50417319,126.7564295,1
은행골 여의도점,서울특별시 영등포구 여의도동 44-21 중앙빌딩 1층 108호,37.520802,126.929319,1
닛튼,서울특별시 중구 수표동 11-3 3층 301호,0,0,1
카페 어썸피크닉,서울특별시 송파구 풍납동 498-2 1층,0,0,1
한술식당 신촌점,서울특별시 서대문구 창천동 13-111 1층,37.557865,126.938832,1
맷돌카페,경기도 남양주시 화도읍 마석우리 514-13,0,0,1
백식당,서울특별시 마포구 연남동 382-1 2층,37.561652,126.925433,1
도키도키 마카쥬,경기도 김포시 구래동 6886-4 예미지상가 2층 273호,0,0,1
4233마음센터,서울특별시 마포구 동교동 204-45 B1층,0,0,1
공간 고즈넉,경기도 부천시 원미구 심곡동 356-7 상가동 2층 202,37.4899,126.7824,1
테니스라이프 마두점,경기 고양시 마두동 798-1 삼희골드프라자 B1층 2호,0,0,1
드로잉카페 하이브,경기 의정부시 의정부동 177-2 2층,37.73943716,127.0497406,1
아지트 보드게임카페,경기 부천시 중동 1152-3 메트로팰리스 1차 B동 2층,0,0,1
와인파인,경기 수원시 영통구 이의동 1332 아브뉴프랑상가 2층 라온존 A203-205,37.289829,127.050375,1
아트 디 포레스트,인천광역시 연수구 송도동 17-1 401동 2층 208호,0,0,1
저스트컴 구월점,인천광역시 남동구 구월동 1367-9 3층,0,0,1
설계도,서울특별시 영등포구 여의도동 44-1 B1층 103-2호,0,0,1
올림프케이크앤디저트,부산광역시 해운대구 우동 864-2 1층,0,0,1
시민막국수 숯불닭갈비 목동점,서울특별시 양천구 신정2동 296-10 골목 안쪽 1층,0,0,1
홍게 인생라면,부산광역시 기장군 기장읍 시랑리 692-2 1층,0,0,1
오제키,서울특별시 마포구 서교동 331-4 2층,0,0,1
소셜다이브 남산아지트,서울특별시 중구 남학동 13-2 디어스명동 14층,37.2560799,126.991272,1
소셜다이브 남산서재,서울특별시 중구 남학동 13-2 디어스명동 14층,0,0,1
하얀풍차제과점 동탄역점,"경기도 화성시 오산동 969-2 1, 2층",0,0,1
블랭크,서울특별시 강서구 마곡동 771-3 보타닉파크타워 3차 2층 220호,0,0,1
서면고기집 돈마초,부산광역시 부산진구 부전동 168-63 1층,35.156619,129.060801,1
야차집,"서울특별시 마포구 서교동 367-30 3, 4층",0,0,1
홈힐러아로마공방,용인시 수지구 고기로 395 1층 103호,0,0,1
백옥양꼬치 송도트리플스트리트점,인천광역시 연수구 송도동 174-3 송도 트리플스트리트 B동 송도포차 1층 101호,37.380312,126.660148,1
아마도올레,부산광역시 해운대구 중동 1271-13,35.16423,129.168738,1
익선힐링타로포유&뷰티풀캐리커쳐 익선동점(타로),서울특별시 종로구 익선동 161-2,37.5733,0,1
메모리메이커,부산광역시 해운대구 해운대해변로 264,0,0,1
플라비 성수점 (써지컬),서울특별시 성동구 성수동1가 685-417 B1층,0,0,1
벨리르,부산광역시 수영구 망미동 406-9 1층,0,0,1
격식,"서울특별시 강동구 성내동 555-9 1, 2층",0,0,1
달꼬지,인천광역시 남동구 구월동 1462-2 노빌리안1 2층 207호,0,0,1
갓포도모,"서울특별시 영등포구 당산동3가 150-1 1층, B1층",0,0,1
23플래터,서울특별시 마포구 서교동 395-126 1층,37.550435,126.919329,1
클라르테 반지공방,경기 김포시 구래동 6882-5 이너매스한강 6층 611호,0,0,1
뚝섬텐트대여 인생텐트,서울특별시 광진구 자양동 585-19,0,0,1
포시즌키친 분당직영점,"경기도 성남시 분당구 금곡동 115-1 1층, 2층",0,0,1
감성채색,인천광역시 남동구 구월동 1173,0,0,1
화담 연남,서울특별시 마포구 연남동 240-41 1층,0,0,1
멍깨비마켓,경기도 고양시 덕양구 삼송동 293 현대헤리엇 101동 171호,0,0,1
제로밤 서울대입구점,서울특별시 관악구 봉천동 1602-37 2층,0,0,1
V Studio 음악연습실,서울특별시 강동구 성내동 145-10,37.5345142,127.1283083,1
카페 시즈닝즈,서울특별시 마포구 연남동 382-1 3층,0,0,1
한국색채심리분석연구소,서울특별시 서대문구 대현동 27-20(신촌역로16) 신촌가이아 B1 104호,0,0,1
올리다 둔촌역점,서울특별시 강동구 성내동 416-20 1층,,,1
화월,서울특별시 마포구 망원동 395-4 1층,0,0,1
광안리소금구이,부산광역시 수영구 광안동 96-2 1층,0,0,1
카츠클럽,서울특별시 강남구 신사동 541-13 향남빌딩 2층,0,0,1
알리브 라운지,서울특별시 강남구 신사동 646-19 B1층,0,0,1
에스지큐갤러리,서울특별시 마포구 신수동 85-16 3층,0,0,1
미담1974 명지본점,"부산광역시 강서구 명지동 3603-7 1층 129호, 130호",35.0928292,128.9088756,1
HEOD 합정,서울특별시 마포구 합정동 360-17 1층,0,0,1
화월 카게츠 연남점,서울 마포구 연남동 390-77 B1층 102호,0,0,1
색조화,서울특별시 강서구 마곡동 773-1 마곡역센트럴푸르지오시티 2층 205호,0,0,1
선림,부산광역시 영도구 동삼동 696-4 2층,0,0,1
히노토리,서울특별 마포구 서교동 369-42 1층,0,0,1
피트앤브레드 양재점,서울특별시 강남구 도곡동 952 대우양재디오빌 1층,0,0,1
해피니스인어데이,서울 마포구 연남동 387-19 201호,0,0,1
111:1cafe,서울특별시 성북구 동선동4가 111-1 골든타워 105호,0,0,1
마카나이 부천점,경기 부천시 원종동 228-12,0,0,1
비플레이트 바이 브라운브레드,서울특별시 강남구 도곡동 456-7 1층,0,0,1
께빠싸,서울특별시 강동구 성내동 447 1층,0,0,1
바쿠단 구미,"부산광역시 수영구 광안동 195-8 1층, 2층",35.152431,129.116795,1
밀파니,"서울특별시 송파구 거여동 594-6 밀파니 빌딩 1층, 2층",37.48909206,127.1424712,1
하우스플랜트,경기도 하남시 덕풍동 301-12,0,0,1
KOEE,서울특별시 강북구 수유동 605-338 2층,37.64069781,127.0148834,1
제이스텔라,서울특별시 송파구 가락동 164-9 스케이프빌딩 3층 제이스텔라,0,0,1
경자식당,서울특별시 관악구 신림동 1640-33 4층,0,0,1
동궁찜닭 은평점,서울특별시 은평구 갈현동 399-5 2층,0,0,1
에드엣 가로수길,서울특별시 강남구 신사동 524-23 B1층,37.522,127.0215,1
오르페우스,서울특별시 마포구 합정동 393-20,37.5493,126.9096,1
더플롯커피 플라워,서울 성북구 삼선동3가 95 1층,37.58528236,127.0123012,1
푼크툼,서울특별시 마포구 동교동 148-14 2층 202호,0,0,1
위펀,서울특별시 강남구 신사동 547-5 B1층,0,0,1
쥬케로카페 숙대본점,서울특별시 용산구 청파동3가 114-1 1~3층,0,0,1
조르노에노떼,서울특별시 송파구 방이동 223-3 1층 101호,37.507029,127.121142,1
하얀풍차제과점 곡반점,"경기도 수원시 권선구 곡반정동 653 1동 134, 135, 136, 201, 228, 229호",0,0,1
온더써드,서울특별시 동대문구 신설동 91-226 1층,37.577032,127.027128,1
플라스틱 세이브스 더 월드,서울특별시 서대문구 대현동 60-11 박스퀘어 2층 45,0,0,1
인투더래빗홀,"부산광역시 동래구 명륜동 533-221 3층, 4층",0,0,1
스모크트레인,서울특별시 종로구 명륜2가 21-9 1층,37.584071,127.00606,1
필앳홈,서울특별시 송파구 송파동 21-5 1층,0,0,1
콜디우드 안국,서울특별시 종로구 화동 138-7 B2층,0,0,1
시카고388,경기도 부천시 송내동 388 1층,0,0,1
슈팅존 양궁카페 서바이벌,경기도 오산시 가장동 404-4,0,0,1
다산제빵소,경기 남양주시 다산동 6028 다산자이아이비플레이스 상업시설 131호,0,0,1
설램이길,서울특별시 마포구 서교동 403-11,0,0,1
탄불이곱창,서울특별시 강동구 성내동 428-1,0,0,1
레인즈,부산광역시 수영구 민락동 32-19,0,0,1
동궁찜닭 성북삼선점,서울특별시 성북구 삼선동5가 28-3 1층,0,0,1
금우도,서울 송파구 방이동 59-3,0,0,1
"셀프사진관예뻐서, 봄 동탄점",경기도 안양시 만안구 안양동 674-62 3층 313호,0,0,1
"셀프사진관예뻐서, 봄 산본점",경기도 군포시 산본동 1140-2 산수빌딩 7층 702-2호,0,0,1
"셀프사진관예뻐서, 봄 수원점",경기도 수원시 팔달구 인계동 1039-6 화인빌딩 3층 303호,0,0,1
"셀프사진관예뻐서, 봄 부천점",경기도 부천시 중동 1059 신중동역랜드마크푸르지오시티 101동 1309호,0,0,1
슬로우야드 바베큐,서울특별 마포구 합정동 396-2 슬로우야드,0,0,1
모모 퍼스널컬러 진단,경기도 성남시 분당구 수내동 21-1 MS프라자 2층 모모 퍼스널컬러 진단,0,0,1
드림롤러장,인천광역시 남동구 논현동 676-7 흥인빌딩 8층 801호,37.54869065,126.9218164,1
고릴라쉐프,서울특별시 영등포구 여의도동 46-1 유창빌딩 2층,0,0,1
마이브라더스,서울특별시 노원구 공릉동 737 삼익아파트,0,0,1
오라클80하이볼,"경기도 성남시 수정구 신흥동 4136 1, 2층",0,0,1
파펌나인,서울특별시 마포구 서교동 355-27 2층,0,0,1
비언유주얼 강남점,서울 강남구 삼성동 112-20 B1층,0,0,1
유타로라멘 가락점,서울특별시 송파구 가락동 79-5 밀리아나2차 오피스텔 105호,0,0,1
라까사키친,경기도 광명시 일직동 508-3 라까사타워 7층,0,0,1
노이모이스튜디오,서울특별시 종로구 권농동 171-31 1층,0,0,1
게이트오브더스토리 신촌점,서울특별시 서대문구 대현동 27-33 대국빌딩 7층,0,0,1
아름다운밤,부산광역시 동구 수정동 221-11,0,0,1
라콤,서울특별시 서초구 방배동 780-21 1층,,,1
성수미술관 용산점,서울특별시 용산구 한강로1가 216-18 5층,0,0,1
포마이카이,서울특별시 종로구 명륜3가 1-27 1층,0,0,1
피테커,서울특별시 은평구 녹번동 155-16 1층,0,0,1
늦은오후,서울특별시 중구 북창동 71-1 B1층,0,0,1
팔구 페스츄리,부산광역시 부산진구 전포동 334-39 2층,35.155339,129.067733,1
쏘플파티룸 자갈자갈,서울특별시 영등포구 영등포동3가 13 4층,,,1
망원동 브라더스 (연극),서울특별시 종로구 동숭동 1-94 유니플렉스,0,0,1
더그릭베어,"서울특별시 마포구 상수동 309-7 1, 2층",37.5479088,126.9233077,1
아트카페옥붕붕,경기도 부천시 심곡동 377-46 3층,37.488393,126.780714,1
한강콜라,서울특별시 마포구 서교동 345-26 1층,37.554402,126.923313,1
보글다이브어스,"서울특별시, 인천광역시, 경기도 내에 있는 수영장",0,0,1
플라비 가로수점 (은팔찌),서울특별시 강남구 신사동 544-5 3층,0,0,1
브릿지짚라인,경기도 가평군 가평읍 경반리 산151-4,37.834181,127.467559,1
디오션워터파크,전라남도 여수시 소호동 923,0,0,1
플라비 가로수점 (써지컬팔찌),서울특별시 강남구 신사동 544-5 3층,0,0,1
플라비 가로수점 (향수),서울특별시 강남구 신사동 544-5 3층,0,0,1
셀프사진관 실컷흑백스튜디오,경기도 안산시 단원구 고잔동 527-8 5층 504-1호,0,0,1
HIDE AND SEEK 쌈지길점,서울특별시 종로구 관훈동 38 B2층,0,0,1
광화문특고기 정동집,서울특별시 중구 명동1가 7-1 3층,37.5642067,126.9853512,1
37.5 명동점,서울특별시 중구 충무로1가 24-30 2,0,0,1
강남랭겹 길동점,서울특별시 강동구 길동 449-1 한흥빌딩 1층,37.3538,127.1368,1
도나스데이,경기도 용인시 기흥구 언남동 231,0,0,1
꾸미myong,서울특별시 마포구 동교동 177-22 302호,0,0,1
다이브포유,부산광역시 동래구 사직동 159-5,35.19959452,129.0770331,1
스파포유,경기도 하남시 망월동 1096 마이움 센트럴 아케이드 3층 302호,,,1
프레젠트프로젝트 해방촌,서울특별시 용산구 용산동2가 19-14 1층,0,0,1
오뎅라운지,서울특별시 강남구 논현동 187-5 B1층,0,0,1
레스토랑샵 기장점,부산광역시 기장군 기장읍 대라리 408-16 1층,0,0,1
읍천리382 압구정 직영점,서울특별시 강남구 신사동 634-11 1층,0,0,1
송정서핑 프롬서프 본점,부산광역시 해운대구 송정동 312-6 1층,0,0,1
송정서핑 프롬서프 땡스포세이돈,부산광역시 해운대구 송정동 299-15,0,0,1
스시도손,서울특별시 영등포구 여의도동 26 S-T RENUE 2층 206-2호,,,1
대풍족,서울특별시 성북구 보문동2가 39-2 1층,0,0,1
갤러리루즈,서울특별시 마포구 연남동 229-56 B1층,0,0,1
에스지큐갤러리 합정,서울특별시 마포구 합정동 370-11,0,0,1
타겟 혜화점,서울특별시 종로구 명륜2가 114-2 1층 골목,37.584643,126.997405,1
두텁,서울특별시 용산구 후암동 415-36 1층,37.546577,126.981696,1
삼옥,서울특별시 성동구 성수동2가 289-272 3층,0,0,1
신도림 스킨스쿠버,서울특별시 구로구 구로동 3-25 테크노마트 신도림점 B1층 35호,0,0,1
미티,서울특별시 마포구 서교동 404-8,0,0,1
메가박스 수원AK플라자,"경기도 수원시 팔달구 매산로1가 18 AK플라자, 6층",0,0,1
플레이 메타로드,서울특별시 강남구 신사동 660-8,37.528383,127.038376,1
더이퀼리브리엄커피,서울특별시 광진구 자양동 7-30 7 3층,0,0,1
쇼쿠지 수영점,부산광역시 수영구 광안동 99-2 1층,0,0,1
킹독,경기도 의정부시 의정부동 182-6 3층,0,0,1
쿠상다이닝,서울특별시 마포구 서교동 395-98 B1층,0,0,1
주문합정,서울특별시 마포구 합정동 369-18 성우맨션 1.5층,0,0,1
풋볼팬타지움,서울특별시 마포구 성산동 420 서울 월드컵 경기장,0,0,1
동래정 잠실새내점,서울특별시 송파구 잠실동 185-3 1층,0,0,1
타코박스 송파점,서울특별시 송파구 가락동 50 1층 101호,0,0,1
스위트99 강남대점,경기도 용인시 구갈동 579-2 103호,,,1
한올,서울특별시 강남구 신사동 541-11 2층,0,0,1
닭꼬치그릴 오류본점,서울특별시 구로구 오류동 47-1 삼익쇼핑 1층,0,0,1
닭꼬치그릴,서울특별시 금천구 독산동 1015-9 1층,0,0,1
이지드럼,경기도 수원시 영통구 매탄동 199-73 B1층,37.269546,127.047746,1
월간우주,서울특별시 송파구 잠실동 201-16 1층,0,0,1
카페쎄미 코엑스점,서울특별시 강남구 삼성동 159 B1층 D101A호,0,0,1
장독계 홍대점,서울특별시 마포구 서교동 394-75 1층,37.55021907,126.9156939,1
올디너리모먼트,서울특별시 강남구 도곡동 517-8 1층,37.4839534,127.0441435,1
망원엣지 망리단길점,서울특별시 마포구 망원동 380-39 parc 39 빌딩 4층,0,0,1
몬스터치즈떡볶이펍,"서울특별시 마포구 서교동 332-4 1층, B1층",0,0,1
연막,부산광역시 사상구 삼락동 418-22,0,0,1
티플랜트,서울특별시 서초구 반포동 76-9,0,0,1
칸틴 성현점,서울특별시 관악구 봉천동 1712 관악드림타운아파트 제주상가동 1층 109호,,,1
복골상회,서울특별시 송파구 잠실동 187-5 1층,,,1
희라움 아뜰리에,경기도 수원시 영통구 영통동 1012-1 상가 332호,0,0,1
브로콜리 연남점,서울특별시 마포구 연남동 227-19,0,0,1
보이드,서울특별시 강남구 신사동 541 B1층,37.5235,127.023,1
차비,서울특별 중구 신당동 333-111,37.5574,127.0133,1
피오리센트,경기도 부천시 중동 1059 랜드마크 푸르지오시티 102동 814호,0,0,1
책과향기 가수원점,대전광역시 서구 도안동 1774 5층 517호 책과향기 가수원점,0,0,1
스머프 매직 포레스트 홍대점,서울특별 마포구 동교동 170-12 2층,,,1
낭만 별비 스튜디오,경기도 광명시 일직동 501-4 광명역엠클러스터 4층 414호,0,0,1
곱창쓰,서울특별시 성동구 하왕십리동 955-12 1층,0,0,1
노웨어,서울특별시 송파구 석촌동 273-1 B1층 3호,0,0,1
브로트아트 MCM M CAFE,서울 강남구 청담동 78-12 B1층,0,0,1
소코아 하남미사점,경기도 하남시 망월동 1000-5 1층,0,0,1
야반도주,서울특별시 마포구 연남동 383-34 B1층,0,0,1
슈킨,서울특별시 용산구 이태원동 119-7 B1층,0,0,1
비유향수스튜디오,서울특별시 강남구 신사동 528-4 화인빌딩 406호,0,0,1
스머프 매직 포레스트 하남점,경기도 하남시 망월동 1100 그랑파샤쥬 3층 12블럭 3010호,,,1
스머프 매직 포레스트 송도점,인천광역시 연수구 송도동 8-21 타임스페이스 B동 B1층,0,0,1
스머프 매직 포레스트 동탄점,경기도 화성시 송동 726-1 라크몽 A동 4층 408호,0,0,1
비마이너스원 스테레오타입,경기도 수원시 영통구 하동 959-5 B1층,0,0,1
까치식당 동탄,경기도 화성시 오산동 969-1 동탄역 엠케이 타워 1동 1층 101호,0,0,1
더바디스 마곡발산역점,서울특별시 강서구 마곡동 794 6층 606호,0,0,1
하우에버 연남,서울특별시 마포구 연남동 383-35,0,0,1
데보,서울특별시 마포구 상수동 311-1,37.54864075,126.9219628,1
버터베어베이커리,서울특별시 송파구 삼전동 48-12,0,0,1
수티문,서울특별시 영등포구 여의도동 45-3 B1층 수티문,0,0,1
101CC,"서울특별시 강서구 등촌동 14-7 가양 데시앙 플렉스 11층 1, 2호",0,0,1
션즈피자,서울특별시 강남구 신사동 524-29 B1층,0,0,1
비욘더팜,경기도 하남시 감이동 372,,,1
덮다,서울특별시 관악구 봉천동 854-8 1층,0,0,1
올리움,경기도 수원시 영통구 하동 1016 A동 1803호,37.2912,127.085,1
그놈포차 수원인계점,경기도 수원시 팔달구 인계동 1113-8,37.2639,127.0317,1
톤아트,서울특별시 서초구 양재동 260-2 삼중빌딩 201호,0,0,1
멜팅누아 캔들 & 향수공방,서울특별시 송파구 방이동 51-2 청호빌딩 1310호,37.51506194,127.1148203,1
타코리타,부산광역 부산진구 전포동 347-7 2층,35.15342263,129.0669599,1
비브커피 바리스타학원,경기 고양시 일산동구 장항동 847 웅신아트프라자 516,0,0,1
오드투디저트,서울 종로구 동숭동 25-11 2층,0,0,1
미식계 본점,경기 김포시 구래동 6886-6 1033호,0,0,1
미식계 장기먹자점,경기 김포시 장기동 1433 1층,0,0,1
미식계 라베니체점,경기 김포시 장기동 2026-1,0,0,1
에드유,서울 서대문구 대현동 34-84 1층 4호,0,0,1
줄리아키친,부산 금정구 장전동 420-3 2층,0,0,1
2층술집,경기 수원시 팔달구 인계동 1041-2 2층,37.26503933,127.0308167,1
이태원치킨 이태원점,서울 용산구 이태원동 118-34 1층,0,0,1
듀윙클 유리공방,서울특별시 송파구 오금동 151-2 4층,0,0,1
아페로,서울특별시 종로구 누하동 263,0,0,1
빛이 머무는 날에,서울특별시 마포구 연남동 224-6,0,0,1
담쁨퍼스널컬러진단 성수점,서울특별시 성동구 성수동1가 14-72 3층,0,0,1
담쁨퍼스널컬러진단,서울특별시 마포구 서교동 333-6 3층,0,0,1
설야멱 서면직영점,부산광역시 부산진구 전포동 667-14 2층,0,0,1
설야멱 양산본점,경상남도 양산시 가촌리 1251-5 1층,0,0,1
테이블에이 다산점,"경기도 남양주시 다산동 6054 원픽프라자 2차 7층, 8층",0,0,1
소프트컬러,"서울특별시 마포구 연남동 241-1 B1층, 1층, 루프탑",37.565769,126.92352,1
플루토스 실버 크래프트샵,서울특별시 마포구 서교동 336-22 1층 102호,0,0,1
스머프 매직 포레스트 안양점,경기도 안양시 동안구 관양동 1746 금강스마트빌딩 2층 216호,,,1
옥탑버거,서울특별시 은평구 대조동 45-2 2,0,0,1
"오월의 공간,화실",경기도 수원시 영통구 하동 957-16 102호,0,0,1
고부장,서울특별시 성북구 동선동1가 85-40 2층,0,0,1
오루카,경기도 안양시 동안구 호계동 1047-6 403호,37.39097209,126.9550161,1
제일곱창 방이직영점,서울특별시 송파구 방이동 62-12 1층,37.51363056,127.1087837,1
피자오 홍대점,서울특별시 마포구 서교동 369-42 1층,0,0,1
피스티스 연산동점,부산광역시 연제구 연산동 1505-32 1층,35.182326,129.073802,1
타라 와인바,경기도 군포시 산본동 1140 동원프라자 4층 401호,0,0,1
캄,경기도 시흥시 배곧동 214 시흥배곧아브뉴프랑센트럴레드 A동 3층 349호,0,0,1
다한,서울특별시 서대문구 냉천동 261-2 돈의문센트레빌상가 1층 103호,0,0,1
숙성부심,서울특별시 광진구 군자동 2-1 1층,0,0,1
수수현 갤러리&복합문화공간,경기도 광주시 신현동 383-6 성원빌딩 2층,,,1
스시쟁이,서울특별시 강동구 천호동 429-4 1층,37.539733,127.124674,1
쿠시라쿠,서울특별시 용산구 이태원동 57-2 B1층,0,0,1
엉클브룩스쥬 평택,경기도 평택시 비전동 1104 센트럴돔 3층,0,0,1
리옴레더,서울특별시 용산구 보광동 265-1007 1층,37.53222781,126.9977704,1
어바웃알린,서울특별시 종로구 명륜1가 36-52 2층 202호,0,0,1
포퀸스보드카페 화정점,경기도 고양시 화정동 986 동민프라자빌딩 3층,0,0,1
마요네즈 양재점,서울특별시 서초구 양재동 337 1층,0,0,1
투나 공방,서울특별시 강동구 성내동 421-38 102호 TUNA,0,0,1
연화옥,서울특별시 강서구 화곡동 1119-3,0,0,1
에토라,서울특별시 마포구 신수동 290-1,0,0,1
보드게임카페 레드버튼 아주대점,경기도 수원시 영통구 원천동 18-6 2층,0,0,1
르모에누 브런치카페,서울특별시 강남구 개포동 1184-4,0,0,1
컬러 마지끄,서울특별시 관악구 봉천동 696-9 1층 101호,0,0,1
부엌간 상무 본점,광주광역시 서구 매월동 297 1층,0,0,1
부엌간 진월점,광주광역시 남구 진월동 514-36,0,0,1
부엌간 수완점,광주광역시 광산구 수완동 1340 1층,0,0,1
부엌간 동명점,광주광역시 동구 동명동 48-1 1층,0,0,1
꼰미고,서울특별시 송파구 송파동 51-8 1층,0,0,1
쉘터버거,서울특별시 양천구 목동 610-27 1층 3호,0,0,1
약지애견카페,인천광역시 남동구 논현동 632-1 칼리오페빌딩 9층 919호,0,0,1
미나리산장 가락점,서울특별시 송파구 가락동 75-16 1층 1호,0,0,1
토라슌,서울특별시 마포구 서교동 332-36 1층,0,0,1
라이닛스튜디오,서울특별시 송파구 방이동 193-17 1층,0,0,1
꼬치의품격 천호로데오점,"서울특별시 강동구 천호동 414 1층 103호, 104호",37.539158,127.127062,1
앵모닝 앵무새카페,경기도 광명시 광명동 102-17 2층,37.48218416,126.8560078,1
콩카세,서울특별시 성동구 성수동1가 668-70 B1층,0,0,1
CAFE HYPE,서울특별시 강남구 도곡동 424-3 돌체스터도곡빌딩 2층,0,0,1
소키와칸,서울특별시 마포구 서교동 395-108 1층,0,0,1
상구네돼지구이 월성본점,대구광역시 달서구 월성동 1257-1,0,0,1
오드하우스,서울특별시 중구 정동 1-28 신아기념관 G층,0,0,1
아우르,광주광역시 동구 동명동 38-4,0,0,1
모든 날 모든 순간 (연극),서울특별시 종로구 명륜2가 8-16 지즐소극,0,0,1
한식주점 휘얼,경기도 수원시 영통구 원천동 27-7 1층,0,0,1
서면656,부산광역시 부산진구 부전동 502-16 1층,0,0,1
바이러닉 에스프레소 바 여의도점,서울특별시 영등포구 여의도동 17 더샵아일랜드파크 101동 115호,0,0,1
바이러닉 에스프레소바,서울특별시 성동구 성수동1가 14-35,0,0,1
백억하누위례점,경기도 성남시 창곡동 545-7,37.4679,127.1396,1
신사890,서울특별시 강남구 신사동 514-21 2층,37.51753948,127.0215656,1
연남짚,서울특별시 마포구 연남동 387-25 B1층,0,0,1
더퍼포머씨어터,경기도 화성시 오산동 1019 라스플로레스 B동 508 더퍼포머씨어터,0,0,1
에브리스튜디오,인천광역시 연수구 송도동 172-1 1층 A112호,0,0,1
송리단 타로,서울특별시 송파구 송파동 42-1 1층,,,1
설온,"서울특별시 강남구 신사동 657-12 2, 3층",0,0,1
스페셜티 스튜디오,서울특별시 영등포구 당산동6가 343-1 1,0,0,1
스시카라,서울특별시 동작구 사당동 265-16 2층,0,0,1
무이스튜디오,서울특별시 동작구 사당동 84-8 1층 101호,37.49,127.9817,1
보물섬 두번째이야기,"서울특별시 강남구 신사동 514-1 1층, B1층",0,0,1
가로수 그곳,서울특별시 강남구 신사동 515-12,0,0,1
테라스 꾸까 (꾸까 광화문점),서울특별시 종로구 사간동 126-3 2층,0,0,1
상구네돼지구이 다사점,대구광역시 달성군 다사읍 매곡리 1547-5,0,0,1
상구네돼지구이 대봉점,대구광역시 중구 대봉동 94-12 1층,0,0,1
상구네돼지구이 용산점,대구광역시 달서구 용산동 867-2 1층,0,0,1
상구네돼지구이 칠곡3지구점,대구광역시 북구 동천동 910-3 1층,0,0,1
상구네돼지구이 동래점,부산광역시 동래구 명륜동 569-1 1층 102호,0,0,1
상구네돼지구이 명촌점,울산광역시 북구 명촌동 681 1층 102,0,0,1
상구네돼지구이 삼산점,울산광역시 남구 달동 1279-16,0,0,1
상구네돼지구이 송도타임스페이스점,인천광역시 연수구 송도동 8-21 디동 1층 109 ~ 111호,37.383964,126.642672,1
상구네돼지구이 충북혁신점,충청북도 진천군 덕산읍 두촌리 2466 지플레이스 1층 112-113호,36.904684,127.535297,1
상구네돼지구이 평택고덕점,경기도 평택시 고덕동 2100-6 1층,37.073159,127.051729,1
감자아일랜드 롯데월드몰점,서울 송파구 신천동 29 롯데월드몰 B1층,37.51424515,127.1041668,1
아티산와규 남가좌가재울점,서울특별시 서대문구 남가좌동 286-1 1층 111호,37.57081915,126.9159402,1
OPO 반려동물 드로잉 스튜디오,경기도 수원시 영통구 이의동 1250 2층 209호,0,0,1
키치마루 동래본점,부산광역시 동래구 명륜동 450-5 1층,0,0,1
행루즈수제버거 수원점,경기도 수원시 팔달구 장안동 89-1 1층,0,0,1
바이킹조개포차 의정부점,경기도 의정부시 의정부동 493-8 1층,0,0,1
우드메이드선,서울특별시 성북구 석관동 300-13 B1층,0,0,1
카페엘릭서 안산고잔점,경기도 안산시 단원구 고잔동 771 신화타운 2층 204호,37.31129435,126.8308159,1
묘드,경기도 수원시 팔달구 북수동 21-14 1층,0,0,1
한옥카페다인,경기도 김포시 운양동 1325-10,0,0,1
오리노코,서울특별시 서초구 원지동 372-1,0,0,1
러브허니,서울특별시 마포구 서교동 403-16 2층,37.54944959,126.9205622,1
쿠치나디까사 문정점,"서울특별시 송파구 문정동 642 송파테라타워2 A동 1층 A-110호, 111호",37.48702662,127.1195129,1
쿠치나 디 까사 위례,경기도 성남시 수정구 창곡동 559-2 2층,0,0,1
쿠치나디까사 NC백화점송파점,서울특별시 송파구 문정동 634 NC백화점송파점 영관 2층,0,0,1
빌리엔젤 셀렉트 광화문점,서울특별시 종로구 신문로1가 163 오피시아빌딩 1층,0,0,1
빌리엔젤 강남역 5호점,서울특별시 강남구 역삼동 819 1층,0,0,1
평화다방 강남역점,서울특별시 강남구 역삼동 819 2층,0,0,1
맥주는별책부록,서울특별시 관악구 봉천동 864-1 B1층,0,0,1
어더아사 홍대본점,서울특별시 마포구 서교동 346-51 1층 102호,37.55456,126.923621,1
우향우 압구정로데오점,서울특별시 강남구 신사동 648-6 B1층,0,0,1
무등산 청담,서울특별시 강남구 청담동 1-15 승봉빌딩,0,0,1
인피니티클럽,서울특별시 서대문구 창천동 53-96 B1층,37.558296,126.934847,1
그리디센트 연남,서울특별시 마포구 연남동 390-84 2층,37.561732,126.925266,1
윤숙이네우리밀칼국수,경기도 안산시 대부북동 1851-1,,,1
오버딥,"서울특별시 마포구 연남동 240-41 2, 3층, 루프탑",0,0,1
유포리아,경기 하남시 망월동 1098-2 골든타임 2층 212호,0,0,1
이자카야 우규 평내호평점,경기도 남양주시 호평동 655-10 1층,0,0,1
츠모리,부산광역시 북구 덕천동 402-14 2층,0,0,1
쏘플파티룸 라온스테이,경기도 시흥시 월곶동 1010-4 풍림프라자 2층 205-1,,,1
회장님댁 노원점,서울특별시 노원구 상계동 332-3 2층,0,0,1
Not alone,경기도 수원시 장안구 율전동 288 1층,0,0,1
등뼈브레이커,경기도 성남시 신흥동 4254 1층,0,0,1
케이 사주타로,서울특별시 마포구 서교동 330-18 1층,0,0,1
왓어샷 테니스장,서울특별시 강남구 신사동 629-20 준빌딩 B1층,37.5222,127.0331,1
청킴제과,서울특별시 중구 신당동 373-4 1층,0,0,1
곤트란쉐리에 청계점,서울특별시 중구 황학동 1257 1층 105호,0,0,1
은행골 뚝섬점,서울특별시 성동구 성수동1가 656-591 서울숲A타워 1층 109호,0,0,1
호박꽃 인계점,경기도 수원시 팔달구 인계동 1115-5 1층,0,0,1
금복주류 구리돌다리점,경기도 구리시 수택동 409-4 2층 201호,0,0,1
오늘,경기도 김포시 장기동 1384 101호,0,0,1
백옥양꼬치 송도트리플스트리트 2호점,인천광역시 연수구 송도동 176-1 트리플스트리트 C동 1층 115호,0,0,1
오백에 삼십 (연극),서울특별시 종로구 동숭동 1-86,0,0,1
척스탭하우스,서울특별시 옥수동 377-5 2층,0,0,1
아르코커피로스터스,서울특별시 서초구 양재동 283-4,0,0,1
작은지구,서울특별시 중랑구 중화동 308-11,0,0,1
쏘플파티룸 블랑,서울특별시 강서구 마곡동 800-3 우성에스비타워2 4층 404호,,,1
하프타임크래프트,서울특별시 성동구 홍익동 378,0,0,1
쏘플파티룸 티파니,경기도 부천시 심곡본동 552-13 6층,,,1
세라듀,서울특별시 강남구 역삼동 776-21 B1층,0,0,1
은점토 은공예_누로 공방,서울특별시 종로구 관훈동 147 3층,0,0,1
케빈스 보일링크랩 해운대점,부산광역시 해운대구 우1동 397-100 1층,35.167163,0,1
치킨아메리카Z,서울특별시 서대문구 남가좌동 388 DMC센트럴아이파크 상가동 1층 B315호,0,0,1
디엔오 스튜디오,서울특별시 종로구 효제동 298-4 6층 605호,37.57284759,127.0021586,1
1209,서울특별시 강남구 논현동 84 1층,0,0,1
브런치카페 먼데이투선데이,서울특별시 강남구 청담동 93-13 EMPRESS빌딩 B1층,0,0,1
오마카세 오사이초밥 고려대역점,서울특별시 동대문구 제기동 1149-16 2층,0,0,1
디스플레인,경기도 남양주시 마석우리 48-2,0,0,1
파자마무비클럽,경기도 성남시 분당구 정자동 17-2 백궁동양파라곤,,,1
비펌킨카페,서울특별시 동작구 사당동 154-9 1층,0,0,1
치히로 홍대점,서울특별시 마포구 서교동 331-5 1층,0,0,1
후쿠란 상수본점,"서울특별시 마포구 상수동 333-28 1층, 2층",0,0,1
007골드커피,서울특별시 송파구 방이동 218-33,37.5074,127.1224,1
고래와,서울특별시 용산구 한강로1가 216-6 B1층,0,0,1
무지개맥주 왕십리점,서울특별시 성동구 행당동 19-43 2층,37.5593,127.0402,1
써티올24 강남구청점,서울특별시 강남구 논현동 117-8 유화빌딩 B1층,0,0,1
서면 남주,부산광역시 부산진구 부전동 168-63 2층,35.156624,129.060791,1
블랙비치,부산광역시 북구 덕천동 414-37 3층,0,0,1
오늘은슈림프,서울특별시 광진구 자양동 852-3 1층,0,0,1
몽콕 합정역본점,서울특별시 마포구 합정동 414-3 1층,37.54909244,126.9142846,1
포도도 광안리점,부산광역시 수영구 광안동 195-9 1층 104호,35.15231668,129.1165761,1
포도도 동성로본점,대구광역시 중구 동성로3가 66-15 1층,0,0,1
포도도 경주황리단길점,경상북도 경주시 사정동 124-1,0,0,1
혜화시장,서울특별시 종로구 명륜2가 27-1 2층,0,0,1
바이러닉 에스프레소 바 제주점,제주특별자치도 제주시 내도동 453-13,0,0,1
뜨돈 동탄본점,경기도 화성시 능동 449,37.21020085,127.0572573,1
뜨돈 진천본점,대구광역시 달서구 진천동 623-8,37.21020085,127.0572573,1
어더아사 대전점,대전광역시 유성구 원신흥동 559-4 1층 102호,0,0,1
어더아사 목동점,서울특별시 강서구 화곡동 775-8 1층 103호,0,0,1
어더아사 분당점,경기도 성남시 서현동 248-1 1층 106호,0,0,1
어더아사 속초점,강원도 속초시 중앙동 476-1 1층 102호,0,0,1
어더아사 천안두정점,충청남 천안시 동남구 두정동 1467 1층 116호,0,0,1
샐러드어클락 호원점,경기도 의정부시 호원동 426 회룡프라자 1층 105호,0,0,1
어더아사 엔터식스 안양역점,경기도 안양시 안양동 88-1 엔터식스 안양점 6층,0,0,1
어더아사 김포구래점,경기도 김포시 구래동 6882-13 1층 105호,0,0,1
키논오두막 나무반지공방,경기도 수원시 장안동 102-6 3층,0,0,1
삼청동굴,서울특별시 종로구 삼청동 56 B1층,0,0,1
아이스타카페,서울특별시 강남구 논현동 99-6 1층,0,0,1
바이러닉 에스프레소바 마곡점,서울특별시 강서구 마곡동 773 힐스테이트에코 1층 102호,0,0,1
블랙타운,경기 안산시 상록구 사동 1581-3 2,37.3018389,126.8412196,1
포코아포코,경기도 하남시 망월동 1129-1 남송타워 2층,0,0,1
저지클럽,경기도 고양시 일산동구 마두동 851-4 1층 101호,0,0,1
이스트블루밍 스테인드글라스 유리공예,부산광역시 부산진구 개금동 633-71 1층,0,0,1
이름없는 달밤,"서울특별시 마곡동 738-3 스프링파크타워 1층 105,106호",0,0,1
10square,서울특별시 서초구 방배동 931-24 1층,0,0,1
물레방아 전포동점,부산광역시 부산진구 전포동 307-26 1층,0,0,1
온더핑거,부산광역시 수영구 민락동 715-2,0,0,1
하이바 건대점,서울특별시 광진구 화양동 8-88 1층,0,0,1
전포연가,부산광역시 부산진구 전포동 308-8,0,0,1
라멘81번옥 구월직영점,인천광역시 남동구 구월동 1457-1,0,0,1
생육회관,서울특별시 서대문구 창천동 2-2 2층,37.5591,126.9383,1
리춘시장 천호점,서울특별시 강동구 천호동 454-53 2층,37.53852502,127.1266918,1
양주르,경기도 양주시 장흥면 부곡리 24,0,0,1
그라츠커피랩 동탄호수공원점,경기도 화성시 송동 694 레이크꼬모 동탄 B3층,0,0,1
나사리식당 광안점,부산광역시 수영구 민락동 177-3 3층,35.15545122,129.122006,1
휙,서울특별시 동대문구 휘경동 294-203,37.5859094,127.0606035,1
초이다이닝 성수점,서울특별시 성동구 성수동2가 321-7 2층,37.54250223,127.0548287,1
페어링서울,서울특별시 마포구 신수동 85-9 3층,37.54880378,126.9386796,1
바 온,서울특별시 마포구 연남동 383-34 3층,,,1
컬러오브유,서울특별시 마포구 동교동 199-2 용평빌딩 3층,0,0,1
기몽,서울특별시 중구 흥인동 14-28 B1층,0,0,1
유니크혼,서울특별시 마포구 연남동 387-25 1층,0,0,1
블루멘,서울특별시 마포구 서교동 396-24 102호,0,0,1
류스쿠킹 스튜디오,서울특별시 강남구 논현동 10-18 102호,0,0,1
풀오브어스 동백호수점,"경기 용인시 기흥구 중동 839 동백문월드 나동 B1층 B129, B130",0,0,1
앤드아워,인천광역시 동구 화평동 40-1,0,0,1
광화문 바틀샵 순애주,서울특별시 중구 태평로2가 330-2,,,1
블루벨벳 도산,서울특별시 강남구 신사동 652-11 2층,37.52358559,127.0379535,1
오티디 서울,서울특별시 마포구 합정동 367-15 1층,0,0,1
루츠,서울특별시 마포구 합정동 367-41 B1층,0,0,1
비쇼쿠,부산광역시 수영구 민락동 110-40 1층,0,0,1
락사 성수점,서울특별시 성동구 성수동2가 322-4 비동 1층 102호,0,0,1
스티켓,부산광역시 부산진구 전포동 306-21 1층,0,0,1
조개대표 광안본점,부산광역시 수영구 광안동 201-1 204호,0,0,1
블루너리,서울특별시 성동구 성수동1가 72-41 1층 103호,0,0,1
대독장 파도꼬막,부산광역시 해운대구 송정동 313-10 JJ빌딩 3층,0,0,1
바 하일로,서울특별시 강남구 신사동 647-24 3층,0,0,1
ChapChap,경기 수원시 팔달구 북수동 273,0,0,1
메리디어,경기도 부천시 원미구 상동 536-6 4층 401호 (401-2),0,0,1
리파인 가로수길점,서울특별시 강남구 신사동 517-29,37.51916566,127.022273,1
화이 신림점,서울특별시 관악구 신림동 1638-12 B1층,37.48263411,126.9294128,1
도리상회 천호본점,서울특별시 강동구 천호동 410-1 1층,0,0,1
호랑도,서울특별시 성동구 성수동2가 289-319,37.548017,127.05737,1
포도도 칠곡3지구점,대구광역시 북구 동천동 909-3 1층 102호,0,0,1
광화문특고기,서울특별시 중구 서소문동 101-1 1층,,,1
정동집,서울특별시 중구 서소문동 101-1 3층,,,1
타코라붐,서울특별시 중구 서소문동 101-1 1층,,,1
정동싸롱 루프탑,서울특별시 중구 서소문동 101-1 5층,,,1
라뚜셩트,서울특별시 마포구 망원동 411-8 1층,0,0,1
서울숲포도피자 성수,서울특별시 성동구 성수동1가 668-53 B1층,0,0,1
19도 감성포차,서울특별시 관악구 신림동 1638-15 3층,0,0,1
우애주가,서울특별시 강남구 신사동 551-3 1층 102호,0,0,1
성수향수공방 닷노트,서울특별시 성동구 성수동1가 16-22 2층,0,0,1
이음컬러 퍼스널컬러 진단,서울특별시 구로구 신도림동 337 신도림1차푸르지오 103동 2406호,37.509473,126.887673,1
셀레스토리 작곡공방,서울특별시 서대문구 창천동 449 일광빌딩 3층 304호,0,0,1
리장수 라운지,서울특별시 종로구 익선동 166-83,0,0,1
도파민,서울특별시 강남구 신사동 655-4 B1층,0,0,1
더영롱,서울특별시 마포구 서교동 346-52 1층,0,0,1
티문도,서울특별시 광진구 구의동 593-11 102호,0,0,1
나이트캡,서울특별시 강남구 신사동 590-18 7층,37.5211,127.0289,1
출국 상수점,서울특별시 마포구 상수동 310-11 1층,0,0,1
감탄계 숯불치킨 신대방삼거리점,서울특별시 동작구 신대방동 345-3 1층,0,0,1
오호리준 발산역점,"서울특별시 강서구 마곡동 793-8 마곡 하이마루빌딩 1층 105호, 106호",0,0,1
보호리카,서울특별시 용산구 이태원동 261-103 1층,0,0,1
정원다이닝,서울특별시 송파구 방이동 104 2층 201호,0,0,1
심야식당 츠키,서울특별시 영등포구 영등포동7가 63-30 1층,37.525086,126.904638,1
레코드어모먼트,서울특별시 서초구 방배동 450-26 3층 301호,37.47740065,126.9835357,1
AC'SCENT,서울특별시 서대문구 창천동 52-23 B1층,37.558601,0,1
백스 테니스 아카데미 실내 테니스장,서울특별시 광진구 구의동 219-5 B1층,,,1
디망쉬 키친,서울특별시 마포구 연남동 224-39 2층 202호,37.5634,126.9262,1
신병 홍대점,서울특별시 마포구 서교동 358-46 1층,0,0,1
로니스피자,서울특별시 양천구 목동 506-6 1층 101호,37.545898,126.871219,1
예빈당,서울특별시 성동구 성수동2가 315-7 성문빌딩 1층,0,127.056266,1
알탭,서울특별시 용산구 이태원동 168-1,37.54281691,127.056266,1
리글림 카페 성수점,서울특별시 성동구 성수동1가 685-496,0,0,1
을지로 외계인,서울특별시 중구 인현동2가 182-2 2층,37.563199,126.995514,1
명월문샤인,서울특별시 마포구 합정동 361-29 1층,0,0,1
스테이키스트,서울특별시 마포구 연남동 240-53 1층,0,0,1
로앤드로우 퍼스널컬러 진단,서울특별시 양천구 신정동 1008-11 1층,0,0,1
서면미술관,부산광역시 부산진구 전포동 692-2 2층,0,0,1
타스 더안주셀렉트샵,서울특별시 광진구 화양동 495-19 2층,0,0,1
우상 화로구이 발산역점,"서울특별시 강서구 내발산동 654-4 1층 14, 15호",0,0,1
계판,부산광역시 해운대구 좌동 1295-13 1층,0,0,1
신사꽃게당 압구정로데오지점,서울특별시 강남구 신사동 648-12 B1층,37.52377103,127.0370331,1
Thirsty Ant,서울특별시 송파구 송파동 18-11 9층,0,0,1
아트살롱 파주,경기도 파주시 서패동 215-18,0,0,1
알록서울,서울특별시 중구 주교동 92-2 4층 401호,0,0,1
볼더프렌즈 클라이밍,서울특별시 마포구 서교동 356-1 서교빌딩 B3층,0,0,1
한우 오마카세 규원,경기도 김포시 운양동 1414-11 1층,0,0,1
퍼퓰러 미아동점,서울특별시 강북구 미아동 62-39 1층,37.615631,127.028848,1
분식백화점 동탄영천직영점,경기도 화성시 영천동 823-6 금강펜테리움IX타워 코벤트가든 B1층 MB98호,0,0,1
그라츠커피랩 동탄코벤트가든 본점,경기도 화성시 영천동 281 금강IX타워 코벤트가든 1층 M82호,0,0,1
백억하누 삼성점,서울특별시 강남구 삼성동 148-14 2층,0,0,1
소미담 다산점,경기도 남양주시 다산동 6058 1층 128호,0,0,1
소미담 대치점,서울특별시 강남구 대치동 923-23 1층 102호,0,0,1
소미담 진접점,경기도 남양주시 연평리 56,37.711,127.1861,1
연애하기좋은날 : 당근거래편 (연극),서울특별시 종로구 동숭동 192-8 B1층 우리소극장,37.57919668,127.0051737,1
오이노스 OINOS,서울특별시 성동구 성수동2가 316-40 1층,0,0,1
라피아 스튜디오,서울특별시 서대문구 창천동 45-1 5층,,,1
믹스드테이블,서울특별시 강남구 논현동 166-2 B1층,0,0,1
피맥하우스,서울특별시 관악구 봉천동 1664-19,37.479401,126.956759,1
캔아이 합정점,서울특별시 마포구 합정동 388-17 4층,0,0,1
정일면 광안리점 본점,부산광역시 수영구 민락동 173-20,35.15675728,129.1215408,1
다다베이커리,"인천광역시 서구 가좌동 524-8 주안dh 비즈타워1차 2층 204, 205, 206호",0,0,1
덴네,서울특별시 동대문구 전농동 103-357 1층 101호,,,1
BEEFY,서울특별시 중구 인현동2가 192-19 3층,0,0,1
새서울 라운지바,서울특별시 종로구 낙원동 122 3층 ~ 6층,0,0,1
몰타아일랜드,서울특별시 강남구 신사동 551-28 1층,0,0,1
오술차 부평역점,인천광역시 부평구 부평동 155-36 2층,0,0,1
배스세라믹 스튜디오,경기도 하남시 풍산동 544 B1층,,,1
에이븐,서울특별시 강남구 신사동 657-20 B1층,0,0,1
푸쿠푸쿠,부산광역시 수영구 광안동 201-1 광안지웰에스테이트더테라스 2층 201호,0,0,1
히츠지야 전포사잇길,부산광역시 부산진구 전포동 313-40 1층,0,0,1
로매지크 서촌점,서울특별시 종로구 누하동 192-2 2층,37.579294,0,1
루바토와인,서울특별시 마포구 망원동 57-499 1층,0,0,1
모모후,부산광역시 금정구 장전동 293-36 1층 101호,0,0,1
스노우플렉스,경기도 하남시 신장동 255-13,37.54772408,127.2165748,1
시네스테시아,서울특별시 용산구 용문동 28-65 104,0,0,1
디핀옥수,서울특별시 성동구 옥수동 244-10 B1층,0,0,1
용이초밥 서면점,부산광역시 부산진구 부전동 170-6,0,0,1
용이초밥 사상점,부산광역시 사상구 괘법동 546-16 2층,0,0,1
용이초밥 동래점,부산광역시 동래구 명륜동 533-229 102동 109호,0,0,1
용이초밥 광안리점,부산광역시 수영구 광안동 197-7,0,0,1
킹덤분식 홍대점,서울특별시 마포구 동교동 160-5 L7호텔 B1층,37.5557,126.9216,1
콘티뉴이티,서울특별시 중구 저동2가 47-15 OK빌딩 3층,37.5668,126.97866,1
미크플로 홍대점,서울특별시 마포구 동교동 160-5 L7호텔 B1층,0,0,1
리즈아트스튜디오,서울특별시 서초구 반포동 76-9 해나하우스 A동 2층 A201호,0,0,1
다르 에스프레소바,서울특별시 마포구 연남동 256-7 B1층 B101호,0,0,1
서양라멘,서울특별시 중구 남대문로5가 208,37.55808,126.975078,1
육화진 신림,"서울특별시 관악구 신림동 1424-15 1층, 2층",0,0,1
새서울 카페,서울특별시 종로구 낙원동 122 3층 ~ 6층,0,0,1
라임 신촌점,서울특별시 서대문구 창천동 13-4 2층,0,0,1
온더브레드,경기 하남시 광암동 205-7,37.51754,127.1746,1
번아웃버거 성수 본점,서울특별시 성동구 성수동1가 656-1015 1층,0,0,1
안녕 고양이,경기도 시흥시 은행동 93-3 JS 프라자 2층,0,0,1
햄튼커피 해운대점,부산광역시 해운대구 중동 1381-5 엘본더스테이 호텔 34층 3401호,0,0,1
돈군 광안본점,부산광역시 수영구 광안동 200-6 2,0,0,1
샤브테이 광안리점,부산광역시 수영구 민락동 176-18 3층,0,0,1
미스타교자 방이점,서울특별시 송파구 방이동 68-1 1층 101호,0,0,1
주당 광안리점,부산광역시 수영구 민락동 175-25 2층,35.1559,129.1216,1
또또즐갬성술집(TTZ),서울특별시 동작구 사당동 145-29 2층,,,1
브룩스캣슬 부산,부산광역시 중구 창선동1가 12-1 와이즈파크 2층,0,0,1
알리고 용두점,서울특별시 동대문구 용두동 38-3 1층,0,0,1
마요네즈 부평점,인천광역시 부평구 부평동 580 1층 101호,0,0,1
아재카세,"서울특별시 중구 충무로4가 24-7 1층, B1층",0,0,1
산도스 성수,서울특별시 성동구 성수동1가 685-324 B1층,0,0,1
도른계,서울특별시 광진구 능동 279-1 1층,0,0,1
이루다제면소 김포직영점,경기도 김포시 석모리 1032,0,0,1
타코하이,경기도 부천시 심곡동 458-2 108호,0,0,1
브룩스캣카페,경기 평택시 비전동 1104 센트럴돔 3층 3092호,0,0,1
나리스키친 부천,경기도 부천시 중동 1113 위브더스테이트 702동 1층 110호,0,0,1
브런치빈 미사점,"경기도 하남시 망월동 1102 미사리버에비뉴 2층 210호, 211호",0,0,1
플라비 혜화점 (써지컬팔찌),"서울특별시 종로구 동숭동 130-18 1층, 2층",0,0,1
마요네즈 샤로수길점,서울특별시 관악구 봉천동 1612-40 1층,0,0,1
포티파이드,서울특별시 용산구 용산동2가 5-1608 1층,0,0,1
반지 체험공방 링포유 대학로 본점,서울특별시 종로구 동숭동 1-96 4층,37.58166771,127.0036823,1
달링키친 가로수점,서울특별시 강남구 신사동 546-18 3층,37.54617039,127.0470743,1
이루다제면소 본점,경기도 시흥시 물왕동 244-4 1층,0,0,1
클럽용두,서울특별시 영등포구 당산동3가 398-2 2층,37.5255097,126.89483,1
신선놀음,경기도 안양시 동안구 호계동 1044-1 4층 406호,0,0,1
졸리테일즈,서울특별시 강서구 화곡동 849-20 2층,37.53109246,126.8549971,1
청기와타운 서면점,부산광역시 부산진구 부전동 520-3 1층,0,0,1
이끼 신당동,서울특별시 중구 신당동 304-515 1층,37.561472,127.012549,1
우감만족,서울특별시 강남구 신사동 663-25 1층,0,0,1
카밀드,서울특별시 마포구 신수동 88-13,37.54959,126.9377,1
호롱 오브제,서울특별시 광진구 자양동 7-9 5층 501호,,,1
구슬구슬 압구정점,서울특별시 강남구 신사동 658 상가동 1층 153호,37.52660406,127.0375987,1
이자카야 베이비,서울특별시 영등포구 당산동6가 312,0,0,1
스파에코 화곡점,서울특별시 강서구 내발산동 723-2 엠버리움빌딩 5층 501호,0,0,1
세븐시즌스,경기도 광주시 영동리 7-1,37.48183962,127.384507,1
운남양꼬치 홍대본점,서울특별시 마포구 성산동 639-10 1층,,,1
미소장어 구로디지털단지점,서울특별시 구로구 구로동 1124-55 2층,0,0,1
토요 커리 논현점,서울특별시 서초구 반포동 720-24 1층,37.5079102,127.0204375,1
백화돈 구로본점,서울특별시 구로구 구로동 1127-22 1층 102-2호,0,0,1
남천면가,부산광역시 수영구 남천동 317-8 1층,0,0,1
오말리,경기도 고양시 일산동구 장항동 847 웅신아트 3층,0,0,1
성수AGU,서울특별시 성동구 성수동1가 13-145,0,0,1
수제타코야끼 타코다찌 동탄점,경기도 화성시 반송동 61-10 1층 102호,0,0,1
마이페이보릿보틀 광안점,부산광역시 수영구 민락동 172-3 1,35.156971,129.12273,1
온량,서울특별시 송파구 송파동 47 1층,0,0,1
아르떼라윰,서울특별시 송파구 삼전동 177-6 1층 101호,,,1
포마스터,서울특별시 강서구 마곡동 757-2 1층 105호,0,0,1
우대 광안,부산광역시 수영구 민락동 35-4 1층,0,0,1
수크레크레페하우스,서울특별시 마포구 연남동 383-42 1층,37.56163,126.9262,1
씨디에프,경기도 고양시 덕양구 용두동 1-47,0,0,1
여울마크,부산광역시 영도구 영선동4가 954,0,0,1
브렉키,경기도 의왕시 학의동 1095 1층,0,0,1
썸데이 - 서울 (뮤지컬),서울특별시 종로구 동숭동 1-150 업스테이지,37.58006,127.0043,1
풍덕천두꺼비집 매탄점,경기 수원시 영통구 매탄동 866-12,37.26368,127.0481,1
사랑의온도 (연극),서울특별시 종로구 동숭동 31-9 R＆J씨어터,37.580315,127.005258,1
나프리,경기도 수원시 장안구 송죽동 498-11 1~3층,37.54897155,126.8359582,1
연남사주공간 연트럴파크점,서울특별시 마포구 동교동 155-36 1층,0,0,1
BISTRO in NEWYORK,경기도 안양시 관양동 1708-3 1층,0,0,1
블루스모크,경기도 김포시 하사리 237-2 1층,0,0,1
전포정육,부산광역시 부산진구 전포동 675-5 경무빌딩 2층,0,0,1
레인보우포차 왕십리점,서울특별시 성동구 행당동 292-34 2층,37.5606767,127.0330885,1
에이테이블 성수점,서울특별시 성동구 성수동2가 280-23,0,0,1
용이초밥 장산점,부산광역시 해운대구 좌동 1479-3 세종월드프라자 169호,0,0,1
비아잔떼,경기도 안양시 동안구 관양동 1403-1 대흥빌딩 2층 205호,0,0,1
이태원 단골집,서울특별시 용산구 이태원동 128-10 2층,0,0,1
펔스커피,서울특별시 강남구 삼성동 144-14 108-1,0,0,1
메모리즈 퍼퓸,경기도 의정부시 가능동 643-2 C동 201호,0,0,1
황재벌 강남점,서울특별시 강남구 논현동 106-18 1층,0,0,1
퍼프피자,"서울특별시 성동구 성수동1가 668-82 3층, 루프탑",0,0,1
취향존중연구소,경기도 용인시 수지구 성복동 741 푸른마을 푸르지오 2층,0,0,1
거북이 보드게임 건대,서울특별시 광진구 화양동 12-36 B1층,0,0,1
우희,서울특별시 중구 신당동 386-10 1층,0,0,1
텐사쿠,부산광역시 부산진구 전포동 312-1 1층,0,0,1
혜화 어묵당 홍대점,서울 마포구 서교동 411-7 1층,0,0,1
MPP seoul,서울특별시 강남구 신사동 659-13 1층,37.52724823,0,1
타브스 에스프레소 바,서울특별시 강남구 역삼동 799-5,37.49182081,127.0374851,1
MODSPLACE,서울특별시 동대문구 회기동 42-52 2층,0,0,1
후무후무,서울특별시 영등포구 문래동2가 19-6,0,0,1
연디브,부산광역시 기장군 기장읍 연화리 299 2층 ~ 4층,0,0,1
데니스타코 성수점,서울특별시 성동구 성수동2가 316-48 1층,37.543452,127.053821,1
호호돈가,부산광역시 사상구 괘법동 767-9,0,0,1
그렇게함박이된다 광교아브뉴프랑점,경기도 수원시 이의동 1332 203동 지하1층 Cb15호,0,0,1
포포민즈낫띵,"서울특별시 마포구 연남동 384-2 1층, 2층",0,0,1
프랭클린스델리,서울특별시 마포구 연남동 387-39 1층,0,0,1
타이반쩜 광명점,경기도 광명시 하안동 52 2층 203호,37.46061,126.8794,1
타이반쩜 안양 범계점,경기도 안양시 동안구 호계동 1046-1 B1층 B07호,0,0,1
다대포 할매집,부산광역시 사하구 다대동 468-42,0,0,1
슬로우캘리 서면역점,부산광역시 부산진구 부전동 117-1 1층 102호,0,0,1
페인트건 고양,경기도 고양시 덕양구 화정동 975-1 삼진빌딩 5층 503호,0,0,1
판다푸드 PANDAA,서울특별시 중구 명동2가 50-11,0,0,1
세븐틴벌스데이,서울특별시 마포구 서교동 404-6 B1층,0,0,1
키논서촌 나무반지공방,서울특별시 종로구 누상동 49 1층,0,0,1
부두 비스트로테크,서울특별시 중구 명동1가 59-1 6층,0,0,1
제이더그레이,서울특별시 성북구 상월곡동 85-1 1층,0,0,1
찢은고기,서울특별시 영등포구 문래동2가 30-2,0,0,1
초이다이닝 마곡점,서울특별시 강서구 마곡동 796-3 2층 208호,0,0,1
기요항 일산점,경기도 고양시 일산서구 대화동 2307-12 1층 102-1호,0,0,1
티프 합정,서울특별시 마포구 서교동 384-15 1층,0,0,1
썸이프,서울특별시 마포구 대흥동 245-13 2층,0,0,1
조개가달다,부산광역시 중구 부평동1가 35-47 1층,0,0,1
서촌프렌치,서울특별시 종로구 옥인동 149-1 1층,0,0,1
카페 공명 연남점,서울특별시 마포구 동교동 146-8 1층,37.559976,126.926372,1
브루다 양주,경기도 양주시 기산리 216-3,37.77865,126.9568,1
산1-1,서울특별시 종로구 이화동 9-814,,,1
코지트리거,경기도 군포시 금정동 909-1,0,0,1
편백상회 하남점,경기도 하남시 망월동 1089 성산타워플러스 2층 206호,0,0,1
카페 공명 홍대점,서울특별시 마포구 서교동 409-15 1~3층,0,0,1
노드링크노프렌드,서울특별시 마포구 망원동 394-87 1층,0,0,1
브라이언 레 : LOVE STORIES,서울특별시 송파구 신천동 29-1 MUSEUM 209 (잠실 소피텔 앰버서더 호텔동 3층),37.51390124,127.1063831,1
폴콘 북한강,"경기도 남양주시 화도읍 금남리 806-71 1층, 2층",0,0,1
강남실탄사격장 송파파크하비오본점,서울특별시 송파구 문정동 618 파크하비오호텔 B1층 워터파크로 B112호 외5호실,0,0,1
몽롱주점,"서울특별시 강서구 마곡동 796-5 마곡테크노타워 1층 109, 110호",37.56052,126.8344,1
더뭉티기 교대점,서울특별시 서초구 서초동 1669-1 1층 105호,0,0,1
인생사진관 오리지널,서울특별시 마포구 연남동 249-11 1층,0,0,1
스키24,경기도 광주시 궁평리 577-1,,,1
고깃집왕고을,서울특별시 성동구 도선동 152-1,0,0,1
은바디필라테스,부산광역시 연제구 연산동 1371-13 5층,0,0,1
바카 BACA.,서울특별시 마포구 서교동 395-69 3층,0,0,1
한우마이,부산광역시 동래구 사직동 78-40 1층,35.197156,129.060015,1
아나키아 카페,경기도 의정부시 산곡동 668 1층~5층,0,0,1
아나키아 레스토랑,경기도 의정부시 산곡동 668 1층~5층,0,0,1
플라비 혜화점 (향수),"서울특별시 종로구 동숭동 130-18 1층, 2층",0,0,1
키논호텔 나무반지공방,서울특별시 서초구 방배동 17-11,0,0,1
방그레커피,서울특별시 마포구 대흥동 3-35 1층,0,0,1
로스트 템플,서울특별시 중구 충무로4가 149-17 1층,0,0,1
나는 쇼팽의 녹턴 b플랫 단조에 순결을 잃었다 (연극),부산광역시 수영구 광안동 197-18 7층,0,0,1
인생사진관4 오리지널 전시회,서울특별시 용산구 한강로3가 40-999 리빙파크 3층,0,0,1
메가박스 강남대로(씨티),서울특별시 강남구 역삼동 816,0,0,1
메가박스 강동,서울특별시 강동구 성내동 549-1,0,0,1
메가박스 창동,서울특별시 도봉구 창동 715-14,0,0,1
메가박스 남양주,경기 남양주시 호평동 640,0,0,1
메가박스 동탄,경기 화성시 반송동 93-2 동탄 시네스타 7층,0,0,1
메가박스 미사강변,경기 하남시 망월동 1079-2,0,0,1
메가박스 백석벨라시타,경기 고양시 일산동구 백석동 1237,0,0,1
메가박스 별내,경기 남양주시 별내동 936-4,0,0,1
메가박스 수원,경기 수원시 권선구 권선동 1189,0,0,1
메가박스 수원남문,경기 수원시 팔달구 팔달로3가 84-5,0,0,1
메가박스 수원인계,경기 수원시 팔달구 인계동 1125-1 4~6층,0,0,1
메가박스 수원호매실,경기 수원시 권선구 호매실동 1397-2,0,0,1
메가박스 시흥배곧,경기 시흥시 배곧동 199-1,0,0,1
메가박스 안산중앙,경기 안산시 단원구 고잔동 535-1,0,0,1
메가박스 양주,경기 양주시 광사동 651-1,0,0,1
메가박스 용인테크노밸리,경기 용인시 기흥구 청덕동 556 용인테크노벨리,0,0,1
메가박스 파주금촌,경기 파주시 금촌동 329-158,0,0,1
메가박스 파주운정,경기 파주시 야당동 483-3 에스비프라자 3층,0,0,1
메가박스 검단,인천광역시 서구 당하동 1098-5 홀리랜드 4층,0,0,1
메가박스 영종,인천광역시 중구 운서동 3088-3 7층,0,0,1
메가박스 인천논현,인천광역시 남동구 논현동 747-1 라피에스타,0,0,1
메가박스 청라지젤,인천광역시 서구 청라동 165-12,0,0,1
메가박스 공주,충남 공주시 신관동 248-3,0,0,1
메가박스 논산,충남 논산시 내동 382-2,0,0,1
메가박스 세종(조치원),세종특별자치시 조치원읍 교리 24-1,0,0,1
메가박스 오창,충북 청주시 청원구 양청리 820-1 3,0,0,1
메가박스 진천,충북 진천군 진천읍 벽암리 569-4,0,0,1
메가박스 청주사창,충북 청주시 서원구 사창동 488,0,0,1
메가박스 홍성내포,충남 홍성군 홍북읍 신경리 555,0,0,1
메가박스 경북도청,경북 예천군 호명면 산합리 1430,0,0,1
메가박스 경산하양,경북 경산시 하양읍 금락리 607,0,0,1
메가박스 경주,경북 경주시 노동동 55-1 2층,0,0,1
메가박스 김천,경북 김천시 평화동 245-82,0,0,1
메가박스 덕천,부산광역시 북구 덕천동 398-2,0,0,1
메가박스 부산극장,부산광역시 중구 남포동5가 18-1,0,0,1
메가박스 북대구(칠곡),대구광역시 북구 동천동 895-2,0,0,1
메가박스 양산,경남 양산시 중부동 685-6 쇼핑몰 바나나빌딩,0,0,1
메가박스 정관,부산 기장군 정관읍 매학리 777-1 큐엠시네마타워 5층,0,0,1
메가박스 진주중안,경남 진주시 중안동 12-13,0,0,1
메가박스 광주상무,광주광역시 서구 치평동 1223-3,0,0,1
메가박스 광주하남,광주광역시 광산구 우산동 1587-1 콜럼버스웨팅홀,0,0,1
메가박스 목포하당(포르모),전남 목포시 상동 860-1,0,0,1
메가박스 순천,전남 순천시 덕암동 151 칼라힐 5층,0,0,1
메가박스 여수웅천,전남 여수시 웅천동 1720-1 3층,0,0,1
메가박스 전대(광주),광주광역시 북구 중흥동 362-2,0,0,1
메가박스 전주객사,전북 전주시 고사동 181,0,0,1
메가박스 송천,전북 전주시 송천동2가 661-15,0,0,1
메가박스 전주혁신,전북 전주시 덕진구 장동 1111 전북혁신도시 더 M city 센텀 201동 2층,0,0,1
메가박스 첨단,광주광역시 광산구 쌍암동 688-4,0,0,1
메가박스 남춘천,강원 춘천시 온의동 587-8,0,0,1
메가박스 속초,강원 속초시 조양동 1506-1,0,0,1
메가박스 원주혁신,강원 원주시 반곡동 1903-2,0,0,1
메가박스 제주삼화,제주 제주시 삼양이동 1477-8,0,0,1
메가박스 군자,서울특별시 광진구 군자동 477-12,0,0,1
메가박스 센트럴,서울특별시 서초구 반포동 19-3 센트럴시티,0,0,1
메가박스 송파 파크하비오,서울 송파구 문정동 618 파크하비오 204동 B1층,0,0,1
신사꽃게당 본점,서울특별시 강남구 신사동 507-10,37.519371,0,1
카츠토랑 연남본점,서울특별시 마포구 연남동 487-113,37.561503,126.918013,1
재테크!,서울 성동구 성수동2가 273-13 2층 스파크플러스 성수점,,,1
[서울 대학로] 연극 라면,서울특별시 종로구 동숭동 1-60 B1층 해피시어터,0,0,1
폴콘 오리스 북한강,경기도 남양주시 화도읍 금남리 806-71 B1층,0,0,1
키치온더탭,서울특별시 서초구 서초동 1316-5  B1층 부띠크모나코뮤지엄,0,0,1
폴콘 갤러리아 광교,경기도 수원시 영통구 하동 871-1 갤러리아백화점 광교점 9층,0,0,1
폴콘 해운대,부산광역시 해운대구 좌동 1459-2 파밀리에펄시티 1층 111호,0,0,1
폴콘 리버가든팔당,경기 남양주시 와부읍 팔당리 833,0,0,1